ID_genome_file,OptTemperature_Europe,q25total_12C_Europe,q25total_15C_Europe,q25total_18C_Europe,q25total_22C_Europe,q25total_25C_Europe,q50total_12C_Europe,q50total_15C_Europe,q50total_18C_Europe,q50total_22C_Europe,q50total_25C_Europe,q75total_12C_Europe,q75total_15C_Europe,q75total_18C_Europe,q75total_22C_Europe,q75total_25C_Europe,day2_12C_Europe,day2_15C_Europe,day2_18C_Europe,day2_22C_Europe,day2_25C_Europe,day4_12C_Europe,day4_15C_Europe,day4_18C_Europe,day4_22C_Europe,day4_25C_Europe,day6_12C_Europe,day6_15C_Europe,day6_18C_Europe,day6_22C_Europe,day6_25C_Europe,Tempsens12C_Europe,Tempsens15C_Europe,Tempsens18C_Europe,Tempsens22C_Europe,Tempsens25C_Europe,inflection_12C_Europe,inflection_15C_Europe,inflection_18C_Europe,inflection_22C_Europe,inflection_25C_Europe,asymptote_12C_Europe,asymptote_15C_Europe,asymptote_18C_Europe,asymptote_22C_Europe,asymptote_25C_Europe,growthrate_12C_Europe,growthrate_15C_Europe,growthrate_18C_Europe,growthrate_22C_Europe,growthrate_25C_Europe,eAUC12C_Europe,eAUC15C_Europe,eAUC18C_Europe,eAUC22C_Europe,eAUC25C_Europe
Czech_Republic_2010_ST10CRI_117,19.8,79.9615090379946,12.1845108315616,40.0668826774351,36.0322458076781,38.257645591944,90.618286663877,62.3233553762651,63.1328353793858,63.6754596170753,64.2264095423695,141.265715637351,110.632815865549,108.68368479487,105.775029505453,107.181225413141,0.0570474684573175,0.562206148478478,0.697687905842653,1.04962188724123,0.601560923219179,0.0666574088129719,4.117271018472,6.09527295639902,6.13488572402709,3.11467825562273,0.153503499951128,8.5375235154288,11.1708615789186,12.005162937925,8.27400557486445,0.0244151941944818,0.658768969315065,0.907850854726681,0.953385982866178,0.555866907586712,,100.574715792912,94.3019436669665,102.44363597956,121.968997061872,,9.26626851860689,11.6345648094882,13.8120518840033,11.5977027300203,,0.0524958241163321,0.0548160701055676,0.041921787783897,0.0400486626754809,16.0184420042965,432.20842091801,595.627302783327,625.502216062763,364.695924609842
Czech_Republic_2010_ST10CRI_159,19.6,43.1066195237276,31.5383789234587,43.0397195481294,27.4691560112367,36.384772302912,47.0497273037918,,68.0223210985831,,,108.992225129331,105.066730417495,104.001411802939,113.337781002381,,0.219311191796222,0.651279784386633,0.789826039832819,2.08645004766664,0.96972506494489,0.240181085596202,1.74931851498869,4.63907708601,2.1433160677329,2.81404356463233,0.419139301901518,5.9394350748903,8.84307147696562,4.70517402974705,2.07783139997305,0.0870017031453181,0.599530701193508,1.09785890327818,0.778825368555141,0.591235344883631,,130.246743789038,100.179048510833,141.010718694202,54.6218616611167,,9.38735669847168,9.91796789489817,8.63546359903287,2.69547611460115,,0.0386304576800044,0.0455157998025033,0.0169281700079119,0.07357494336044,36.9976725648725,254.951797188346,466.867000960566,331.197263148864,251.424178010028
Czech_Republic_2010_ST10CRI_348,20.2,5.20827271182758,35.9247228787372,36.1612783912358,31.6658963824889,34.5040379127665,64.7504948086249,70.9953526096106,69.2816352333937,68.7371589454656,66.20227578482,106.677974797004,102.587761148106,102.133533881037,102.842326680468,,0.173654915860005,0.317927564698128,0.492039496410067,0.835144087992849,0.815306821897203,0.295143451948218,1.37703276894842,2.76736057522979,2.82081664999742,2.33536028741487,0.461890487538638,4.03233386460531,6.19061851108632,4.17827855959465,1.98953695286486,0.124855922051379,0.565614286930128,1.01425672052513,0.919352808551464,0.704050451323847,,152.969713501081,107.316674031569,78.7248320369695,56.8909065482868,,9.39186283436374,7.3467481076575,4.23170229308223,2.3451870451783,,0.0314223771323052,0.0441540700802907,0.0442425940762829,0.0706861478382891,37.4365391171494,169.592607462903,304.112618519976,275.656827600337,211.101018104578
Czech_Republic_2010_ST10CRI_354,18.6,34.0893283106127,0.201941113451246,10.2804568115147,39.9789644951318,29.8049544431624,64.8823832908845,70.1623496861721,70.0064610019527,69.6025306775567,83.6157468255433,108.762024810208,103.939487597455,101.756465983477,100.532248855357,,0.15752473659545,0.117776859011652,0.468944919011646,0.703475973652741,0.885702144130703,0.195722932747879,2.37182195259949,3.72446952649261,2.36869188250274,0.723223560624932,0.312156767392497,7.60620891450192,7.25735347651365,3.95782032404616,1.29336246484977,0.200512326990087,0.798452613883827,1.05216399660788,0.681184663058285,0.307688816717397,,110.863237306307,97.5086014798825,93.1381454805903,37.93871419486,,8.23475589044094,7.85336603615521,4.52566870459815,1.00192365341021,,0.0659480296562472,0.0514437942302026,0.0396605648528197,,72.7867895446841,289.841543612619,381.939806580457,247.272800906356,111.692290862343
Czech_Republic_2010_ST10CRI_421,19.5,37.4461186141682,42.7304205715567,40.1640190659635,39.4471092116267,39.8807803775827,80.0097206253883,65.812395383714,67.1165172747731,67.3640700105659,66.7445410343831,99.0271706324504,107.657563075616,105.743343694342,104.490841155497,107.358695640505,0.0878245424840036,0.200161889665818,0.314946736675003,0.319708559805984,0.277042159817471,0.141606292653588,1.75022997073411,2.16411530591188,1.72262514800414,1.31187200398625,0.549889329724497,3.14516435613913,4.10430426367501,3.08490814028369,2.3219068327452,0.13571898845965,0.775018159584581,1.00539862588285,0.785767783401107,0.615052728009017,,93.3421591753069,97.8520460757659,96.7284920792967,96.1876685456443,,3.24399398843938,4.49783201611771,3.42944510160398,2.61473695069077,,0.0567609396538885,0.0471024356886684,0.041378959966588,0.0417017397736036,29.6464206161783,169.294765640343,219.619014908237,171.642910676991,134.351958282568
Czech_Republic_2010_ST10CRI_44,20.6,54.3986154121596,41.4701467073946,32.3239590182497,36.9052582794888,38.6288979875056,73.3853311386524,73.2061505910879,73.7781910324636,72.5609010352293,72.2013529080245,105.197622805796,102.882710220017,110.635822034946,108.187954017642,104.016653213615,0.103948253443855,0.43248285716427,1.95671918888755,1.63199000402961,1.1053147645967,0.295302230332156,2.8720396601215,2.90906737365341,4.49170286163462,2.98972532551555,0.522098952164095,4.68513433327417,3.97411306360941,5.89781349773006,4.3040134986659,0.084530205807038,0.669155996667349,0.806753223684918,1.07329474628142,0.731226514435375,241.356819834283,90.4145158315358,53.6779459975511,70.9498445760344,76.5078419637792,3.00589143898592,4.93356667927995,3.802912683207,6.09160244990926,4.47212261841486,0.0154031357630379,0.0742768778457945,0.0432009721088447,0.0462672134911905,0.0403044464773439,35.2258784544483,278.854257843374,336.194508565755,447.269114245542,304.720615243383
Czech_Republic_2010_ST10CRI_469,19.6,,41.7148002027992,40.4592090769528,37.9371917969799,13.9312920238961,86.9542297149089,66.2662314168306,67.3766864219299,62.4808263985161,67.0277975630081,106.648449351562,111.481454846779,112.698108042718,113.908476381412,111.04053013416,0.173585377464192,0.158378606025943,0.230679665327802,0.346721354696929,0.313771720714518,0.200931677103824,0.89221399482803,1.81070362910312,1.6926459695854,1.02101113812577,0.276441832324021,3.06402705009904,4.99673105286164,4.0858130837451,2.29925021199271,0.325162778870722,0.566639058348576,1.05741163535158,0.961081716371817,0.605182969554745,,164.700630708381,113.232266937291,110.946385774974,169.264289169298,,9.22144348174186,5.99085425912354,5.00866091658641,6.4346765561044,,0.0334364043527127,0.0498602424166722,0.0439820076451042,0.0229053406758174,66.0196261401681,115.047912059649,214.692226104791,195.133821359809,122.873698936759
Denmark_1994_STDN94A1a,19.6,37.8932813026923,36.13779452785,1.25186258861093,31.673823717727,25.611400519893,78.3145349618061,61.9226165240332,61.0015165062102,61.5228869961354,67.0784461068195,126.042853779222,99.9702112981526,107.873003228976,118.225360079202,113.370169154981,0.0865429952004571,0.223786318232914,0.283184196874037,0.439371915482431,0.243105966877828,0.0993869596911015,0.855173720817349,1.46797401338775,1.47310868522406,0.859105136119129,0.122916371596277,2.17953872226287,2.30013239183726,1.3482018424009,1.04436031006378,0.097647476267555,0.679944586170127,0.977122694823927,0.879659129218749,0.565757448981646,,193.304294416326,84.2854540798153,57.1499563390283,69.9446891077536,,9.33326697585815,2.34463778336068,1.44352988602477,1.09644994644918,,0.0243110099408244,0.0440192002739977,,0.050660398167734,14.2928921520415,99.5250979438083,143.023760882092,128.757788168867,82.8112564870823
Denmark_1994_STDN94A1b,19.2,63.0994061032252,40.7998051342713,40.9020941134289,42.0973506798843,42.4668222547134,40.1454470536006,67.0678201577251,65.460295242024,67.8267596159288,65.9035737419325,109.34104977514,105.592412751172,105.607956228445,104.310424865956,106.398552638726,0.115354190564608,0.580501692904295,0.521914114031779,0.61630595018543,0.508971878504881,0.26766168805252,3.42714924267078,3.68255488261153,3.49520503741442,2.53051879105314,0.771408234248552,7.12781762300206,8.44390330870628,7.02112061917435,4.1390733410984,0.350801609752563,0.868167350617746,0.950145114724227,0.874463418372486,0.6110322734776,,104.96091958501,113.159567819201,106.716803787611,90.2889529081023,,8.2968793578236,10.6425411192524,8.48907268034996,4.46303197611864,,0.0435631065187459,0.0411361526553746,0.0387974201766735,0.0453371532175462,144.294177358346,357.1006807954,390.820349418827,359.69042352179,251.334078264463
Denmark_1994_STDN94B7a,19.8,32.8785048651697,35.5366789511076,29.3700025328558,35.4645403324403,36.5404783139454,68.7521354620612,72.0882114236633,61.9742293457319,70.7318332945605,67.5596603478225,104.941919390244,105.507843042419,99.2453521870754,110.971509920661,101.800397423173,0.231969243026338,1.06887181066503,1.27644929355375,1.96845627643653,1.2783013286322,0.638945849396821,4.3969607458688,6.81024588418434,6.58401582676195,4.44223035645604,1.34816887009858,10.0733928611851,13.8305452504922,7.83068599713252,9.20774298558052,0.257581575283244,0.717136784848863,1.01371042790675,0.872754168378894,0.70293918041124,174.108480300132,105.858422186512,99.7338324532186,69.7937985526579,106.054318284897,3.9408439055476,11.8176435938988,15.313819024504,8.20742410979665,11.3160079769834,0.0211171547412496,0.0453580382336901,0.0485678155656994,0.0561003201979949,0.038717512677486,182.197917827925,507.259996580101,717.038588811984,617.334497156562,497.217453887228
Denmark_1994_STDN94B9a,20.7,44.8049888162168,,22.91870511652,36.4987526544291,38.4925304263428,75.0744094820352,71.4340949110815,70.007244508555,72.1991861159166,71.1963972165622,,109.39132365306,109.029996741566,112.400532214887,108.597173100027,0.0377944670019518,0.106576644468688,0.242674775441149,0.429473338221811,0.464324358833059,0.0999742244709252,0.878777574129373,2.14655184118551,2.18302191717684,1.63785105110447,0.139783708549686,3.37582232410658,4.30343850160309,4.02083391887779,3.12819637031873,0.0675686148510437,0.533090697632097,0.94531783131091,0.980442779141108,0.769570657096805,,156.123401642001,103.946799138979,100.659250457298,113.591107906322,,8.74137420922165,4.91344287884899,4.66027476834047,4.30353505563141,,0.0370710705349376,0.0441824386456164,0.0386684613263375,0.0314787966917333,15.1680872655346,119.670445220078,212.208928518065,220.093924755746,172.756462590987
Denmark_1994_STDN94C2a,20.4,33.8835185645742,36.6247385862971,29.2141393980206,31.6853943236206,32.7630056939568,69.6617361499402,69.4153749606036,70.2567554022695,69.6292860862603,69.4877139127654,107.919687383978,108.557518061662,104.795717634022,106.148921313356,104.709232312706,0.438887230908778,0.959082013689839,2.26201899226153,3.34528844400436,1.8929226314404,0.856519857584217,4.30249610245555,8.69262533885924,8.88724335964636,6.28695677879271,1.23861319081806,8.78111803793712,11.0350715593913,10.7700103927097,8.12883092878539,0.27633665681056,0.55777093498946,0.967441953437725,1.04604519105901,0.727325048951353,110.110365696708,103.834553549999,69.0367061576117,61.965231570895,70.8187812493843,1.90031739424188,10.3235639103412,10.720705323102,10.5893774099957,8.21044591481302,0.0182776420694664,0.0426650954398217,0.0626101092254466,0.0577570286014373,0.0525727542306116,229.741660857748,463.721398607297,804.315011014324,869.664424184256,604.685844643762
Denmark_1994_STDN94Dw11,19.5,23.6340902220328,36.1171241238678,35.774064862101,36.7155895534455,38.9362416958313,78.3496232231197,66.3863542960558,67.0443209463603,62.925385107213,66.6147286192015,105.769249304183,107.333181427003,107.571846200842,109.163744021984,110.459547549096,0.0934269067535945,0.274328537983253,0.322952501531732,0.546863925043249,0.438312785038972,0.143122739256517,0.930537089007289,1.33655527635419,0.956141304097471,0.7925597861682,0.19181977870666,1.84795914072958,2.41449625933111,0.929698041419345,1.08043526346225,0.136679401632119,0.771573845939204,1.05301389566453,0.726919748753447,0.652826255297921,,108.387527917301,95.5357304797181,42.2875888215407,68.6862251019031,,2.38129063035914,2.70807366006461,0.950245126794862,1.14795613259358,,0.0347958369674952,0.0420133219347161,0.0647918293749299,0.032013536996478,18.1350066233225,102.374583436878,139.71683914542,96.4497524926965,86.6188198246001
Denmark_1994_STDN94Dw6a,20.5,12.406183212799,42.6124185697512,39.6937130778295,40.6199323255042,40.3657434087626,76.772462675441,70.3305345567643,72.1909283019499,69.4814019234587,70.448312391006,98.1201953266513,101.012283074663,101.204804252661,104.932915238181,104.656059309606,0.0946336040479765,0.228521127679569,0.519223994917393,0.429397838051684,0.656519175446934,0.155572552940119,1.73370555292543,3.39673296885221,3.39081497191613,2.83658128740093,0.259421484927374,4.63609199287118,6.51040522132178,5.90674869201792,4.11706235723734,0.205633666754173,0.601128870574351,0.999528484069559,0.93800193682718,0.776241527922583,,105.650490213473,97.7442422402577,92.5518109914433,80.5724367451877,,4.93784680794452,7.05177015429882,6.10224565734165,4.13692001536041,,0.0647068124386202,0.0499771085060247,0.0525619743948945,0.0487366715429642,70.2920809863514,205.484830964766,341.670399888236,320.638683098679,265.343867115554
Denmark_1994_STDN94Ee2a,19.8,120.498522659792,19.988412914859,14.1016060203146,20.1661543946091,27.9310290225825,85.9407133478523,,,71.5767733071111,86.7250901789733,11.4157467880005,110.409903794779,107.847821679361,112.044999018921,114.838614174794,0.0898249424106894,0.119706893906953,0.237004938463839,0.592275454124815,0.377947295870865,0.152600620420303,0.523116509695547,1.30647496283345,1.36457178984199,0.572010958754733,0.0613243194688388,1.79167487983709,4.30529323144204,4.57143514521567,1.45473372211281,0.108677892444086,0.404086100393133,0.987281992963731,1.08147739237445,0.453628646890539,,187.999368656366,132.40662384689,,,,8.40401278918402,6.95394577391918,,,,0.0294369475477326,0.0403593582167253,,,19.1754581541204,71.2981815757677,174.199040086582,190.819163085748,80.0396192853585
Denmark_1994_STDN94Fw6a,20.7,13.3098799971755,38.5015407328211,34.6913096920057,34.0697410332304,26.1547555190514,63.2915320834914,65.2152700038709,64.4038412211409,64.2967119721613,66.9425027666269,106.954671557067,110.064797333147,114.496481634556,113.577254894235,113.436120448609,0.166995367515684,0.519162348489669,0.567815454418388,0.943411813996909,0.562818818858495,0.380667396372597,1.9196689374291,2.66608879075881,3.64576897792242,2.3551455977691,0.701287678224354,4.205699324587,6.42985457130843,6.66184441211092,4.78804977143465,0.126618941085662,0.601998270550226,0.849085204108039,1.08682152032019,0.725951713158383,,136.978573913743,119.821966300725,98.0139013382144,110.522862682695,,7.59964829290258,8.97173001267229,7.70841413215155,6.22762266676946,,0.0279367885275064,0.0371493101375147,0.0399129750949802,0.0351158585650673,44.9434005211307,213.679321232537,301.382842705789,385.767362006992,257.67660291366
Denmark_1994_STDN94Fw7b,19.9,26.4469682215025,35.3193623239362,34.6561353701317,32.368336836805,34.1053501022554,80.68815867634,70.3619299546772,66.9103937556269,75.0372491409038,69.2346185510511,104.975887934761,106.15992117366,112.087803307114,106.719939374243,104.827914874244,0.174988667048206,0.598907741595398,1.16321888366362,1.38708545516981,1.01724164885388,0.272422544078723,1.94088787568167,2.55831799537423,1.64183611686989,2.06450791294173,0.430159864336568,3.62853279924073,4.70602120250214,2.88094916844814,2.39630504870564,0.126509074660234,0.747814029124976,1.02980905451881,0.769169231835833,0.743502901402294,,97.40854544767,100.203564292957,107.309735200134,53.3132922589535,,4.24146064619857,5.9341129757197,4.21159929685625,2.37284951433819,,0.0407066705861242,0.0315852431144379,0.0181040452991679,0.0518493330996153,36.5271005369754,215.91714505991,297.337870578231,222.083055596383,214.672388538079
Denmark_1994_STDN94Gw8,20.0,24.2314621368046,32.8220415831915,33.3595532650863,30.4029392889698,26.9230503023649,72.9565100167369,66.4923718596385,65.4455641380557,66.2364568150285,64.2045297812632,107.935313307242,106.40176679671,103.165874043063,107.806119472098,107.599298730681,0.0927189673379013,0.403074899111656,0.425180950464304,0.502584506143624,0.437429076756689,0.135137369862663,1.12569181249348,1.49759811217172,1.31635692089305,1.13714358058188,0.186794539214612,1.74354743194277,2.1607443477703,1.75599872013586,1.39540939325806,0.110232622705712,0.759595009106842,0.951746078367624,0.852685033794914,0.726549342692946,,88.0970644622976,80.9443527797288,70.5290483417081,63.6389954569141,,1.99977605733241,2.30053879116933,1.79982742715417,1.40950633115894,,0.0342491102127631,0.0476654941389017,0.0427456859178762,0.0476630490873144,17.1856944191705,118.423814914464,148.380913616984,132.936911659275,113.271867052503
Denmark_1994_STDN94Iw9,21.9,14.0413316013181,36.8560648161033,39.0005193704696,36.9963927293847,39.2377503195968,80.3725161993927,68.5948731866089,66.3114905622901,65.0576240638594,68.748295907332,107.899072951557,101.260120797805,108.186797779193,104.561531195061,103.774292902656,0.346973379432152,0.68984423567384,0.990518749818613,0.686779012054711,1.39392125226515,0.443049911955484,1.56948076086393,2.59642241742457,1.92979451256515,2.51561264390526,0.556086552340471,2.52788578186613,4.35001641964856,2.68973992506957,2.66722543850517,0.523981355676088,0.708818394450997,1.12090140843306,0.791138282610109,1.04087755784413,,116.224993136543,110.432152957458,78.7686936537624,48.4012023321754,,3.93972857195242,6.19462961025215,2.95811815230076,2.77976009221791,,0.0214265008718837,0.0257832103594171,0.0406265934144444,0.0446114233386115,131.377049317092,177.720959259124,281.041907350499,198.36089976331,260.977648858324
Germany_1992_GEA_4b_2,20.7,37.2978252834016,40.1517578826766,39.9348609787454,40.4890174024813,38.1873200986981,74.5597556207732,74.6543561693977,73.5304683015047,73.1237476534611,72.6388167440324,103.452983298013,108.394736106299,106.290629972235,106.194040648627,106.428330340411,0.111467949373215,0.476176535129752,0.707970537077935,0.827472515866349,0.975544177176633,0.250701133899014,2.83769922224477,4.03861727504328,3.29444135020184,4.16318780622248,0.524193882748182,8.46909246319892,9.64708023595104,7.40355231041041,6.5059416622638,0.0650245978458189,0.750227748504561,0.963736460679056,0.798544049898063,0.873449092543588,,123.310666873049,116.230140181814,122.462642813935,84.4031017477399,,11.8396142993735,12.7443824088362,10.9678333815025,6.73150846110867,,0.0431880476748713,0.0392609263507035,0.0326973602338371,0.0445067955249704,30.2004200472355,348.440342370935,447.603628343163,370.880659505575,405.67001348074
Germany_1992_GEB_4a_1,21.6,29.215810689661,9.56564618076333,32.8106173997268,29.6095901301358,26.3016948980342,80.2867800628267,70.6019865073868,70.767861410561,68.8105415281491,68.4613099223795,106.26574504491,108.359809584132,108.373616554022,110.892998746016,106.136655070347,0.102762645626898,0.133870146441571,0.289539543819161,0.503057553789978,0.385654863954176,0.126986125006565,0.845047322482613,2.38477075525635,3.22417851127744,2.27716565805479,0.162196304432286,2.17436806069463,6.84451277637628,5.8517221293049,5.43105065126669,0.0546904912938565,0.323863646625063,0.942858700433758,1.06387284454793,0.825527335764326,30.1562656563728,118.00164709466,113.077819082133,94.0907203525432,119.856244715385,0.156914890097854,2.88614280765659,8.0537370996469,6.19244395128126,7.53423639055753,0.0265697816114263,0.0417225718920825,0.0531386676790778,0.0542812322723674,0.0375939419756091,16.5315296102319,97.8956549337368,285.001947426944,321.581412327545,249.53569208066
Germany_1992_GEC_2a_1,19.9,0.28729237910416,38.3987707146098,18.2132420161136,34.0957745721577,31.1922296537738,29.568700399647,67.8803697066999,67.4080611035271,66.4934096469744,66.9766345259852,110.736568583334,108.374081344197,108.273518186832,110.121372874142,107.482661977207,0.0263710541050982,0.150219240856226,0.24865137073785,0.356973076826885,0.245049774950046,0.0483378322647697,0.593783639443243,1.5128088878094,1.45848491006958,0.88848937769406,0.154770956375849,1.99673084431546,3.49734473054999,2.1618938346635,1.77340837610539,0.0485770024701397,0.501222599287977,1.05209261489343,0.893274357640548,0.606960997270345,,150.705457248297,110.677204833202,83.8479201635517,110.461287631153,,4.49374524947431,4.27381260610302,2.27426657891302,2.30637330057146,,0.034089914468617,0.0427411283360869,0.0473083603100604,0.0339959997373702,7.65361739414419,78.9708258883761,165.763919717952,140.741087628518,95.6305866985302
Germany_1992_GEE_2b_2,21.2,56.5211349026341,39.4182240040355,39.4795813084978,38.4873720534205,34.3029237373976,73.0511085570237,64.712841792022,65.9971676643131,67.2355708267715,66.8943126795266,110.275890722886,111.308632393433,113.65048307315,114.280634250842,111.219473867411,0.116724191576622,0.223267716182214,0.434866187148171,0.836602645068956,0.60116905975417,0.223768541666804,1.25970379527116,2.66647100705162,2.80478215365243,2.45549213354935,0.372688708795464,3.62015167015507,5.70708087936872,4.60644775235028,4.47016751350038,0.0929460053708716,0.502279278787083,0.950160653695718,0.976428695716552,0.844604070134677,,141.076029929899,104.686428568259,89.458954796586,100.470198340295,,6.86078438283403,6.56659113176457,5.09352664111367,5.2357042810367,,0.0346237401060258,0.0453871166282978,0.0398723145952137,0.0368678552415469,27.5873064166335,149.081526584546,282.017209819189,289.813828095598,250.68695734226
Germany_1992_GEE_4a_2,20.8,69.3714299627691,,22.9281664400627,0.993689852760184,21.0591460204867,101.769104252455,69.4679765712146,57.7986888313888,68.3539031173026,69.7455188045932,109.59829694788,108.522727746536,105.242542544281,103.242404227675,106.170707030766,0.0773606189213019,0.0654259094200189,0.0727266819026997,0.139146040513008,0.140289173912062,0.0738986987114064,0.308748804972487,0.427876397729747,0.670067380743313,0.495964915188719,0.105252496315522,0.878085766454456,2.09714260319713,2.13467629628223,1.18333696475076,0.55413801781926,0.553858007434988,0.973384071651655,1.1553322096471,0.782410794745733,,,137.521318392833,214.876124419157,,,,3.61045583807967,17.3340880244412,,,,0.0472732466686598,0.0275114501703172,,40.4191722806202,40.3987481487283,70.9992406623366,84.2706512122161,57.0695308571294
Germany_1992_GEF1b_1,19.9,25.1115938255686,33.8250155068469,33.9142540257247,36.5344779502307,28.5467397776609,77.9467824147583,65.6633135587477,67.4996236418795,73.1394472802549,70.6172610395978,117.879549330085,110.71564971568,101.628714534557,93.092915213848,113.010913552147,0.232775037864367,0.708134037636507,1.45670090158201,2.06317661156038,1.39339545690295,0.339114852654593,3.02983863907742,4.00313561358502,4.15092409128448,2.96284290363597,0.535842633237486,6.38869357916219,5.82195041680723,4.33238662977691,3.13145226466992,0.100118042103124,0.732003677845701,0.891019146881449,0.950588567174761,0.643587340596541,,104.46472447209,78.3756285742365,54.8246060102538,49.6587102783834,,7.51892478080104,6.09503104135698,4.83630075207678,3.06506033553979,,0.0429595201152954,0.0400860254028339,0.0456470034831483,0.0726369410834335,45.4609412784939,332.383409774515,404.588106833615,431.63699693435,292.235901580104
Germany_1992_GEG_1b_1,19.4,66.2507657688443,36.4075050697697,33.6444067839086,37.6944179742477,39.2882597626576,20.9426140236178,70.0395705214217,72.8150995189893,67.6336420764015,69.5495827957597,113.868546406565,106.044781878505,104.811891481703,105.312788417442,104.409705788731,0.0520234906052766,0.122343918141464,0.285014035355807,0.316282494426527,0.206955537761434,0.0609199305582097,0.571960764037609,1.01962516191579,0.897075242386429,0.545429794054566,0.0820991078006045,1.39646392528208,1.83985619424801,1.29993194405969,0.614985830355927,0.0819305580471313,0.627757940679738,1.01313906146513,0.864080176594254,0.491243251111076,,105.310410115728,96.3383396378338,84.8699807906458,61.5007901587143,,1.57869905689806,2.13321114345035,1.50799358393278,0.64248990924809,,0.0520982846616706,0.0382942234957789,0.0352656227780347,0.0467559272758882,8.92108725289571,68.3540243834353,110.316616682239,94.0861972947929,53.489491711225
Germany_1992_GEH_1a_1,19.8,76.6176571313363,6.24064315203539,34.2808935604227,35.1073890022543,44.4613793006868,108.257413148828,65.1163029408778,65.8574814197224,65.8673250374707,75.4346007198649,,110.710139369214,104.807537430179,106.056602143645,106.306587170636,0.0694774924894599,0.231937217565946,0.295654844182339,0.298214011808789,0.306324931933619,0.0586395161858718,0.861729118356235,0.907717321522565,0.746416471034541,0.556319314782517,0.0733250969170179,1.23898071654434,1.55572094568847,1.32028335429067,0.961180057816469,0.0949995151201563,0.829810084256635,0.935410811312894,0.818017568592172,0.684670299980746,,84.0763472684755,98.7472555176434,115.521797065755,,,1.3751839316595,1.9086286505902,1.98122779356163,,,0.0414073747200333,0.0322661891850255,0.0249702362136308,,9.89405266830471,86.4234377190367,97.42159022523,85.1952654391211,71.3073535150728
ST99CH_SW5,20.5,44.5945005389585,36.9646538263918,34.7056003860786,35.1856353989584,37.2252377375946,68.7205591226627,66.635889056083,67.6243426583923,66.8547767582598,65.7932062939285,107.726303472257,106.196289597958,110.81678313515,107.164988684167,108.33128137267,0.0569074132481524,0.130594114720605,0.230160773703579,0.247308072734645,0.180896660546474,0.0780219488615755,0.484070208403429,0.753756059967214,0.755048553786359,0.643715932769597,0.0881483199459458,0.936379435569572,1.40670295521427,1.33189425090823,0.89741178035427,0.117706251667571,0.614036282403618,0.942891735078677,0.961570862861349,0.748465869342726,,107.420380613004,111.83584254829,98.7013393073147,81.0204473287694,,1.18831061201945,1.90352772587847,1.60726157052729,0.967881403566418,,0.0343502790731217,0.0302713075187492,0.0341979831883698,0.0456064070285977,9.94066349876714,51.85729706734,79.6301752999254,81.2076864440439,63.2102988757231
ST99CH_3A10,21.9,58.5745328892632,38.8857082642381,40.7096016908276,41.3131533573096,38.8434666474251,68.9024473508797,68.2986576939659,67.4546327282793,64.5128118537521,62.7551654545277,119.359468370524,116.354556885539,110.636129303822,115.776318377573,112.312437413399,0.0459788114165562,0.23044952721845,0.26270192442875,0.398065373245411,0.307004569206556,0.130447695535682,0.709477030173471,1.43339969596698,1.68420672025628,1.64852819075969,0.224990724622465,1.97297641740296,4.06106373355572,4.0982310531064,3.21294685647638,0.0799447346874735,0.458259374780956,0.892678790309094,1.01872909016075,0.893211561446829,,,126.390205277289,110.612310855746,102.470882204937,,,6.04493718079471,5.01629624387905,3.73973858992913,,0.0231781981554907,0.0393881295131416,0.0441049760843236,0.0424655453123393,15.5017952691532,88.8594231476964,173.09612574967,197.538084930027,173.199433480126
ST99CH_3A4,18.7,66.5550838443245,7.23821115827821,37.8277622937887,,,61.3821309448915,71.0186683316751,70.4327552147703,70.9721593917023,,117.156033224858,108.344673670472,107.435334071417,107.916890016259,104.733530605803,0.136871397910997,0.0880247403962815,0.202182989277366,0.12650816225811,0.135029045638756,0.146017929337803,0.600554301933634,1.87179856992797,0.881413081936377,0.218723857237849,0.187311072320625,2.84530646094606,5.69504999518842,2.71712274007507,0.768108461794327,0.113719177469821,0.496792724563905,,0.612005710669236,,,154.662579133593,114.544339796848,116.196525152205,,,7.29697045665047,6.74025198790356,3.32375738035329,,,0.0417518522391121,0.0542124931716638,0.051403427137322,,20.8241544701873,90.9722411484153,229.824229681398,112.06994052516,36.7799011094699
ST99CH_3A5,21.3,39.3117452548344,31.1214708837974,34.235449246111,35.2123286192337,33.1719021633794,61.3201167434927,63.9266632789461,65.1614610123784,68.8578158634856,68.4346708083427,116.684059842953,114.140215293656,112.017912802494,114.534162622929,113.534269891749,0.144582520456287,0.403698299766128,0.57719060534951,0.907473271046381,0.987923480098082,0.241179980321435,0.993286735242205,2.09767171550339,2.66443864682656,1.82223284279189,0.354609463365463,1.58649653775479,4.23851177760197,4.49767520468012,2.65990546044523,0.11493396212022,0.417729234899061,0.9085611162261,1.09773687543287,0.788855136186136,110.303442198739,88.0390982785235,104.609206788302,94.3911901897814,79.9745242927088,0.576825621973208,1.80119582971956,5.145482632499,5.20988262197711,3.033606527748,0.0193244575248481,0.0321648302532247,0.038983005530437,0.0331555932219074,0.0293490478159857,29.1754951317332,106.038781177945,230.634356758796,278.65581482013,200.247505270615
ST99CH_3A6,24.2,91.2418928524077,,31.7637754346162,34.4264075682584,24.7849514944766,72.7667497462471,65.7536144162305,63.0054144492717,64.5688889722542,64.6640593783895,95.96836428652,106.548585336284,106.300727534223,105.617950512773,107.822868232455,0.132296619911698,0.201912417756397,0.35067805214543,0.734151048366014,0.627959230506399,0.135702170467027,0.665792605706064,1.73073532244582,2.6911369546125,2.21792029445128,0.165799871348309,2.18408544919253,3.04633086911848,4.39548746861026,4.01300518994181,0.0861049349199381,0.371750472454787,0.722621938381025,1.0885938965483,0.935208334595579,,173.844525298766,94.4951278997233,89.6980106406181,102.12121299536,,7.36199616348421,3.38898301825668,4.80719928665161,4.90253985047701,,0.0288286980506413,0.0464870123915713,0.0394799885253431,0.0342977365574963,21.5341813553868,92.9719312863498,180.722183774334,272.248953122549,233.888404897768
ST99CH_3A8,22.7,75.8767562603201,30.5673848571304,15.2432651691896,33.459980599032,32.4550428826275,57.7435605183775,71.0201185313048,69.2810603613595,69.6109465034527,66.3528010635536,0.193645531860884,99.2864225654886,106.35022442204,98.3720674164569,96.8326707906505,0.213451416510354,0.410591152626006,0.397515367352323,1.21765366601224,1.73004795448191,0.17154322567223,1.47039092238944,4.54261659789192,5.31612505994691,5.44892874303898,0.354196040624344,7.78672622835727,11.6443394365173,9.6650597677917,8.57996381906857,0.0534361905023271,0.439054262441409,0.883970850550037,0.96090013669913,0.963887353745062,,144.186846924984,104.620653672058,95.9383706901984,85.3548060004908,,15.5109445193085,12.2416409139705,10.8392704034893,9.23117935020188,,0.046181386182463,0.0657622641206202,0.0426273865581126,0.0402255160473994,30.7960627741846,253.033431094421,509.445406721176,553.780886162165,555.502463295599
ST99CH_3A9,19.6,46.4674578497134,33.7661425843935,38.2708882311069,39.2898669785098,33.48691650193,70.5558077136889,69.6482180609198,68.9351791144646,69.0211071334258,67.5390951602004,103.739232768988,102.488311385141,101.104480613778,105.902785084601,106.875241173676,0.108556006852744,0.107598500130556,1.07003807067262,1.58668984945612,1.6048478644081,0.249736110768901,2.47195932873289,8.05266224829513,6.88113578531485,3.29383593471466,0.446711929129485,10.5513164816796,18.9087469423583,13.8453285635896,6.01407111805927,0.079558689209212,0.435598414073793,1.08992024025546,0.911209097234961,0.472782742894368,118.224310425203,120.515516148533,109.514365076406,104.742701474676,96.4968188653914,0.683923851074779,12.7005578685298,22.5234004293786,16.5935716368453,7.21730908286532,0.0250257674966839,0.0625518648312264,0.0454811677900329,0.0394706515655686,0.0308309661032437,63.9633782932514,350.211226709304,876.271106649392,732.591408556582,380.106582132728
ST99CH_3B2,20.0,63.7385410901555,29.9483822825529,34.2938083102875,37.8213892595484,36.1785503734178,16.7852290144163,62.5975339385128,64.1258874776736,68.1937592152735,65.9676314298517,107.85967166627,104.469610429996,111.264390586697,105.729223705927,,0.0920006729217274,0.310647022308999,0.566263897745846,0.762493275569906,0.582077415971872,0.209556595206317,1.00790294355619,1.9692826784098,1.87606571661041,1.22536498864591,0.312230834375829,2.26585858322468,2.71463738129494,2.62000947408395,1.3176225650488,0.127035582620579,0.584044359398036,0.96228180339804,0.980454922706952,0.62627789880761,,143.458813681252,77.6980387976488,77.4947320722523,56.3299856468248,,4.49491811214206,2.84655517852127,2.89091282210417,1.4417797278805,,0.0266492558176581,0.0446295923721835,0.0340955340082736,0.0415157034966754,25.3862980028712,116.713159011975,192.298662468177,195.930308129186,125.152945684735
ST99CH_3B4,21.7,59.114874009159,6.31539845498957,,6.76456227870377,43.2648181922544,94.6750881669964,69.8396498033685,61.0865277411754,64.9218288388689,62.9203508683709,,108.592521919859,112.208760059138,110.674585648386,110.126019327085,0.0209756645804014,0.34153907553172,0.212619106900261,0.62744790836162,0.326238621926592,0.0275373498624416,1.37419885497926,3.7301535170755,4.54167266871824,3.97457593986899,0.0207515418280296,5.5361833504814,8.08216173406172,7.86819994289072,6.95557177501701,0.0088844780780143,0.476764388309846,0.876310456167926,1.01119841470662,0.870794064766296,,133.191011440895,102.085679336145,92.9691159708763,91.7509516419288,,8.88049024517637,8.64268223745677,8.28415856550152,7.09500675041152,,0.0446899785938207,0.0560298770836484,0.0467272007674852,0.0565041371905163,3.84450592770295,206.30626817693,379.198498061761,437.567436746078,376.811436125554
ST99CH_3B8,22.0,38.9389058179001,41.589020146842,37.186874194013,36.0136075073667,38.1482691928344,72.3701569270241,71.1096041815397,74.6556364065376,67.7706296901543,73.4805085767474,97.0453329901297,102.767622252809,104.088898545587,105.953995264977,103.09556110496,0.144036561952497,0.224294633079776,0.636152848257594,0.670886908146299,1.69026064714649,0.202819762446588,1.47006630143567,2.98712990436436,2.08698820919421,2.9306296236564,0.285680506506478,4.42573793735673,5.60826252311221,4.27876486017806,3.77768700332411,0.0979202332077231,0.604021265818678,1.02703503994348,0.748522422645384,1.0353815966098,144.125816667501,116.289994335255,97.7977504347443,122.566068827192,54.5491464296655,0.594998937445175,5.47730813513442,6.31679647991674,6.46348128533187,3.57786275694389,0.0127552983102448,0.0496798287733607,0.0443077073270688,0.0290617401290969,0.0456388547080512,29.7727707254415,183.653429647797,312.271302564874,227.589189100454,314.809083673362
ST99CH_3C4,19.1,37.3060774996438,,37.2981892329964,34.1978825296895,44.9216084128283,68.5544772725208,67.4090610704049,63.3349885356071,63.6751561103859,,103.964748279665,114.372893609439,109.061164772857,109.934589350703,101.52009249882,0.0404398243664971,0.310754278374879,0.367376671506926,0.588765407098948,0.227177861746834,0.154093606890375,0.954359776468684,1.74581911451937,1.70054643251421,0.433284168723291,0.112138351271184,2.20064293540583,4.84915610643179,3.9006765583316,1.22610655512617,0.0768183434804511,0.54664302334812,0.989669584132678,0.942743904821304,,,,153.796247073629,156.206876882586,,,,11.3669606022539,9.11645515819075,,,,0.0304025165727998,0.0246921567441004,,16.3159174253683,116.104852382964,210.201971059381,200.235139257436,58.588557648514
ST99CH_3D1,19.3,111.657286835906,41.2426893496035,42.3694542975357,26.3663934424029,38.5215923907402,68.1888941529002,,,,,27.9247094067645,103.142431203206,103.869714922637,,,0.294875355074269,0.327754740059778,0.342529586815381,0.401281100199751,0.303116484360486,0.280826444511003,0.565050511672259,0.620394236969823,0.506274952770233,0.451057472269115,0.282353010750847,0.75236557797882,0.607741687857557,0.484913431279528,0.411180478544467,0.582397142827147,0.974997971028529,0.952509968765359,0.896509538478068,0.811799241186807,,,,,,,,1.78400082076149,,,,,,,,42.3610836466012,70.9171930437582,69.2815116935874,65.2082792939057,59.046813645458
ST99CH_3D3,21.8,48.6630862994401,9.50967901188881,0.30544923440852,36.0138270521091,34.3814649219564,71.7829945150452,61.7836421567123,63.2667900118229,64.3077706080622,65.7624149078827,113.371664654851,107.736545498064,107.376399869031,106.838274130447,110.933153145253,0.087091643134755,0.362388671134233,0.62410695559526,0.925751740777351,0.879946753294789,0.151263335945978,1.85825557925801,4.15827009827081,4.24740382009461,3.78624692804241,0.331897333618277,6.74814466533763,8.29488834020187,8.6107084109392,6.60198198301882,0.558686793279042,0.596955014444544,1.00348982106639,1.04674294906116,0.908289089086305,,125.806990979814,100.180140283762,110.915684912797,94.335639181959,,9.44702391783542,9.16768430431839,11.0616281989616,7.34226090812464,,0.0481106938171085,0.0480975079817664,0.0354516093457094,0.0425062593020165,238.415588783883,254.746278162338,428.232096062243,446.690058737703,387.605865335589
ST99CH_3D5,20.4,39.5364348298903,36.8329977118659,35.5966033170977,35.2242428090968,33.7684232270926,27.1487033772376,65.4581716362282,63.1892042420998,64.8268999176824,63.7550288543554,0.485779987214492,107.540530091425,112.475013385842,112.067475153775,112.633104268385,0.219292614209243,0.301303415855338,0.869876242820171,0.658222793845995,1.07825995856016,0.233204428079625,1.18180600653336,2.83966616791595,2.45966546641297,1.81915663852847,0.4244503813679,3.19418381115485,3.83890705830695,3.84817159878136,2.29966842514491,0.141437898244864,0.541046109962713,1.03936652937352,0.904344265038132,0.756386717023428,,126.953847169654,77.8560380808401,85.9421343030471,58.2200811905992,,4.89384881544808,4.13487027891452,4.083623256607,2.43549571015618,,0.036344547975362,0.0426303291765019,0.0420479456379849,0.0322686548910519,38.1942184387279,146.105347758802,280.672950838593,244.21122507688,204.256425276697
ST99CH_3D7,21.4,48.9241245289032,29.5321476914375,32.941196004265,29.0106295273753,30.411025562017,91.983725211668,67.1550275886874,63.6775206994239,62.1810237325141,,103.404907239818,109.738921576899,107.68197859383,101.155730047286,,0.081979255414741,0.289155184014431,0.337916968783725,0.610546520201773,0.625335497642275,0.0947129112047881,0.550072753699091,0.711691502060777,0.811383061016462,0.656212992058386,0.114508818485682,0.714113723121279,1.01700213991357,0.92593788832756,0.642023364295531,0.141993374528568,0.665677842740074,0.837251171748962,1.01821637622732,0.868797519408969,,68.5025702605967,79.5608714935255,33.9103064020751,26.9266673356932,,0.815960306682081,1.15966123560648,0.867764492098594,0.685919704120227,,0.0261572694848541,0.0293252132491525,0.0600712814663969,,13.0779333487929,61.3105399320685,77.1128586575616,93.7801918375506,80.0183536038234
ST99CH_3F1,19.9,62.1592732820984,41.050993413467,38.0459889867477,36.3721620144867,33.4574656488958,40.4249011783435,65.553990138617,65.9460812587897,67.0557263205563,66.0115563360637,112.876452859017,109.883904332183,108.632951082448,110.902656203327,110.784576225233,0.0450868429544875,0.484516332445748,0.611641481090759,0.991395809883409,0.77277430235208,0.138950113934708,2.89549092699133,3.98219129616154,3.63532223285763,2.86536457044007,0.194998465102916,7.10047131463199,8.38131688773506,7.80519772226435,4.96075401786254,0.0351559398361399,0.72071567033446,0.928405536138698,0.881542233402515,0.656279604197518,,117.02319365908,104.240633271459,123.523404252112,96.7990877729275,,9.39452701019743,9.64975546199027,11.7843181413942,5.76321739790905,,0.0406103895108472,0.0450666614309682,0.0307298872811342,0.0355019506693025,15.9024035248352,326.007823137437,419.954054398268,398.755953761766,296.860875849478
ST99CH_3F2,20.1,41.1272231917319,32.5055691708519,30.1837345716145,30.5676493927394,40.671054397587,80.3748498157317,68.2933558782519,72.6576626509998,65.4215096981819,68.5828387700318,112.048500295094,104.28079276353,113.420556713437,113.122610956946,116.036449186696,0.0871195320786741,0.44071323897109,0.753612937425975,1.23907602064106,0.843347113407161,0.135830866959004,1.44768840535762,1.82967121976538,2.06731113438215,1.61872684228168,0.235320574589984,2.94266851703746,5.46521397118587,2.71625313631163,1.96497948990213,0.071474390594404,0.656680892179778,0.956084588468808,0.906614882999338,0.680452339397848,,105.374623223308,,54.4549858097707,59.5590164350792,,3.6460091067461,,2.5676016075479,2.00850777085702,,0.0364622903786791,0.0247011683421198,0.0473571825301678,0.0464815732874854,17.6878153922361,162.509260951911,236.602894541116,224.360593339589,168.391996943121
ST99CH_3F3,20.2,41.1555768742142,22.3328880028906,1.23567465509705,27.3129880419141,23.7514616789641,14.0028863544273,71.8422267621594,70.0477347928067,70.9508244553722,68.8866531515726,95.2143102865535,108.27796408354,107.33179635817,110.161467130268,109.342790680823,-0.0042547803729356,0.0731007009232746,0.288664374671501,0.55730575941923,0.36506016630277,0.0598190008199216,2.16482456674484,5.79133039693137,5.62600775252498,3.77401041380491,0.364745632735282,9.64628475408109,15.3462828283091,12.9299370742393,10.7626251898115,0.136446302833001,0.507550827075336,1.03422804810989,0.943641736228865,0.676399803746436,119.208650886995,118.102396488472,104.439182166604,104.532443215255,122.686249337921,0.402625504620468,11.0582422619862,15.8801557403219,14.2437831101273,14.842206902923,,0.066779964334265,0.0697859818917953,0.053080253967986,0.0437660975747089,86.0192275446128,319.972979686264,652.003725687381,594.895805484822,426.419678815392
ST99CH_3F4,19.3,51.4228101838065,37.0078168788042,39.6502205335984,39.2783702314498,36.3880116419703,63.8141686799922,66.1341551829438,66.072034746477,66.3355246565551,67.4460383642159,110.003627580615,114.571547188888,111.223522449289,113.391757551585,116.785098677903,0.139682634659963,0.553636126089347,0.572253737033241,0.845589049576222,0.575182035250493,0.385451727017002,3.33761189829565,4.85059922847646,4.33608095706184,2.29096724758428,0.840211143989379,8.30189460439536,10.7663528318636,8.20742853658278,4.24433684330758,0.0888827716138494,0.705510800330324,0.97342519230214,0.85727639113077,0.479797612450018,,131.924679105364,108.661416539876,102.225834858817,97.5751657104324,,13.7309428437375,12.7273103399917,9.58554564756483,4.87578049670971,,0.0345597659754652,0.0446979001401288,0.039552774625086,0.0425859060325431,45.8068844276626,363.594103856268,501.66724634194,441.808461393345,247.269897001523
ST99CH_3F5,19.9,41.6080758688349,38.4810910292018,36.3433255655699,35.4771037059197,33.279858933803,61.243774237278,65.489974916617,66.5489539963095,65.7897484469958,65.1311896126543,112.251058943118,109.086241244437,107.841638884187,114.020325235038,112.839212980507,0.205220166471316,0.889570227675382,1.70150132776076,2.44940482099613,2.5055390847931,0.449504621065195,6.38600329658616,8.95557280475012,7.83147348929429,6.10007945307718,0.743311984024342,13.1304262471463,16.1942055176917,14.3747714770649,9.50251049177472,0.0542854458038829,0.702000940045399,0.952287946124558,0.873034070826158,0.663422581612599,200.424928640482,101.868300154721,94.8268658640816,100.221147431897,82.4635047382155,2.52744910682735,14.7416020205266,17.6828853118077,17.1313249734322,10.1337804742092,0.0151991079615008,0.0474900133796842,0.0453868265477608,0.0365615709762649,0.0367673323360794,51.7243638360922,668.881898241494,907.360849167944,831.846017878458,632.12359188096
ST99CH_3G3,19.1,39.6614973514528,6.62081784025081,36.6133249655331,33.62669182239,36.6894154791223,66.8650361298098,65.2465586444703,66.8942482708474,65.4679132249861,66.0485043561275,97.5913344872097,109.296596027575,114.232743772945,115.48232803488,114.689113144815,0.0175966862994066,0.741872897836027,1.7627703972728,2.06447603242692,0.954354025110609,0.2936510693065,6.78113711642518,,8.45745239476831,3.32158173396674,0.776857131192916,13.8423562349316,17.8151303286599,13.9230704298588,7.37642344505823,0.0339771292798628,0.694399670717327,,0.830937114562411,0.367154156090913,117.752385439368,99.2857569317389,88.0236223459923,89.3112498702143,130.765202776893,1.01241835332808,14.9315031894027,18.2401908476221,14.868020638679,12.2796113553247,0.0434236098530564,0.0536276257425091,0.0518848750054207,0.0436077560432704,0.0298458183924759,34.247590668508,699.927162391802,,837.55145811187,370.076740341198
ST99CH_3G6,21.6,87.8394452515486,1.11164227330834,6.98581900751809,32.6622238120312,33.2919547401338,34.7152224134743,68.4123257346814,66.2612373338492,67.35737435767,65.7411980818642,120.168064814935,108.396278184702,110.79686124119,111.202603689654,111.914391561636,0.0457279960044855,0.171347468446095,0.240668140149129,2.36819757615217,1.36062445285515,0.0384349438267044,0.989659243670205,5.63009356295113,8.20777307309522,5.73240802370121,0.332764532084061,7.86153190075283,18.9458086824785,,10.7553327948889,0.119012344567721,0.270370095422151,0.906760904322841,1.18655058025971,0.762693893849736,,148.732777270996,113.938531172568,120.401779158232,97.1061544037591,,18.1549163429652,21.3714345045781,,11.9361782016954,,0.0536004291557888,0.061613942057514,0.032446192632975,0.0449008249854615,92.6754667899419,210.538452042941,706.098937721303,923.972460964949,593.913285946086
ST99CH_3H1,20.3,40.7334288700315,40.71414695078,35.8401284173649,35.1047341618132,35.5484986816564,73.284787332554,66.3719130067531,73.8257310008124,71.7993507819194,72.2134531156547,106.667244195651,106.968796460181,106.596632258913,106.037367549464,102.753617771484,0.193143374148481,0.502759719348483,0.968081646464899,1.70193696652386,0.919682319001346,0.490778237663374,2.21913919395053,2.86806526588475,3.68012457644426,2.1676676000261,1.13611894048325,3.98962978037192,3.89102110309577,4.68600238682359,3.19756257023099,0.178144197532282,0.663936550268254,0.830957799707298,1.10251717904337,0.680294570881587,204.400377345559,97.4941690767515,72.1448277169728,61.4349048135141,77.7885450097472,5.0803602928199,4.49171663451756,3.91694235545053,4.57422614394694,3.41939760371089,0.0205946268948129,0.0434222919970588,0.0445717539882586,0.048473717521804,0.0358821586740863,60.4242367326133,225.198798751633,281.850273541615,373.959746941616,230.74723043624
ST99CH_3H3,20.5,38.5559565061276,37.8325158928563,39.9520110685396,41.1746387062643,38.087810318338,70.12891652065,64.7165753043952,64.9827025360663,69.2222454279533,64.9869411155184,110.384195220524,110.415976991528,116.006095528358,113.903515864007,111.08126980545,0.14586956951843,0.288935976965447,0.566341248048068,0.820874395405797,0.692160259856645,0.279752228197524,1.21452519442747,3.15834086077572,3.06635251145669,2.24654056980916,0.545670871988619,4.08718161940189,6.23063527055848,5.51640366442433,3.73500140661608,0.173461453953302,0.494449330223629,1.0112825427967,0.988912194368466,0.722975898304822,,152.473334413706,101.30228516944,98.124240712781,94.5310213225396,,9.56002406370225,7.04360974331895,6.37858069856796,4.33546023497325,,0.0342615368350951,0.0446000693550805,0.0372675782226885,0.0345973440486034,55.6926292785905,158.751022879154,324.688756310374,317.506391044476,232.123205265454
ST99CH_3H4,19.3,72.3337012286133,35.381901585783,39.03119680453,28.0248081230613,27.8162677807678,75.860322927399,66.8226502539484,65.3096235687341,71.2181453828278,,58.814735482175,111.078673074949,109.264444905249,108.457358323085,110.830860751537,0.0539750775767275,0.245841769379844,0.328812808525981,0.613435237938511,0.454753940571948,0.0709579659714207,0.869817792858151,2.43007145708417,1.33144486749153,0.752424399718321,0.112012378564958,3.12895611880047,7.52824873873863,2.91455036903545,2.05817175513899,0.0440070095954222,0.491544956529376,,0.666831987930718,0.4576391856023,,201.655012098744,120.033286241035,,,,,9.80761463936701,,,,0.028931022563695,0.0477377042379156,,,10.8535004070544,121.230309326269,302.721788471379,164.461555533549,112.868089263109
D97_c1_119_7B1_L23,21.4,100.343193843337,40.2925161592675,22.6537705257434,23.762693834742,27.6437154139566,112.730202941993,60.9791884470885,60.9598985146044,63.3719008057409,65.6460415816234,114.583265817264,104.371640567647,109.482874268663,108.157980475437,109.558701741581,0.103678283872891,0.189900386136846,0.560494978027369,0.713999389210904,0.677467881787328,0.0854358003110945,0.793428945903374,2.0834133259022,2.16914418866994,1.79028722838248,0.186719035954023,2.74530877277718,3.79861746918449,3.3985643262214,2.68737467880373,0.317456077574047,0.47432139551174,1.00995130529567,1.02002135140262,0.863405930293533,,,99.8477512935543,88.8669240691967,87.943436885043,,,4.52112161013129,3.85031168473768,3.16925911478107,,,0.0379981378572971,0.0350315022922976,0.030020451742953,69.7529752593399,104.22017691058,221.911355264557,224.123994198189,189.711701079292
c1_137_7B2,21.1,38.1770906773101,40.922687968731,37.2778213204605,36.8949677292389,35.3539296059276,64.7326844996996,65.7518727355457,67.1657446472458,67.7280500414625,67.8021542464978,105.073667536596,103.698908544072,105.289179986993,104.646615484558,104.715421656106,0.177452661799978,0.365818880640712,1.06752800863445,1.45129210867889,1.23344385166299,0.487131570910996,2.81430913984091,4.64909401082009,5.32526794216512,4.49080133155955,0.963672879384894,7.28090595114633,8.87070965934056,7.44966617406978,7.00075169558377,0.123199527413446,0.598385197128754,0.925510583287434,0.964023614463843,0.845826396468577,193.705213035001,114.388780748607,99.4225368532746,75.9241362106132,84.5539031849708,3.43661933906403,9.03672606127094,10.1401202041441,7.46928020800992,7.36725357292522,0.0190168385641451,0.0455461380930405,0.0422457940567893,0.0498488446850754,0.0413359166973559,65.0332045023873,315.868962431008,488.54829475171,508.87812786947,446.485487159872
D137_c1_14_7A2_L2,20.2,51.421829590132,30.5186221393506,34.3609400054828,35.0265581841715,30.5096563704645,0.399729287101071,61.7517541795308,61.4268169345077,65.3987496722698,64.4215223542694,111.222767327976,104.577754937262,103.645052569335,107.462589037135,110.30212700454,0.0927424765520021,0.669085404824499,1.07580282012349,1.1848679615125,1.01027583171976,0.226080997741454,2.29008044779986,4.73751746259715,3.96102948495172,3.13511339143449,0.488818245998296,5.12909204385464,7.27818041669742,6.61637569217919,4.93102920386149,0.0643598415606023,0.582831137105603,1.00642169046285,0.888482445431778,0.711864742890112,,118.138003783402,84.5331197456251,91.0751756270207,87.9846474824321,,7.2462630709423,7.55822042850982,7.27877795096959,5.4973029632591,,0.0338309264075897,0.0488706759344057,0.0375853680483272,0.0366735784467362,29.2196067524474,264.607497724674,456.919179870379,403.374325238572,323.189233282918
D169_c1_25_12B1_L2,20.7,51.3146119366435,38.651519119188,39.1859221945867,43.1669547907213,39.0216029855859,52.6408564067164,64.995894856149,65.9935773309756,66.4143588986078,66.2307581042998,114.101259545093,112.528680977104,111.922924739116,114.108526573275,115.789675708991,0.202882912323825,0.274150787211436,0.456541583813371,0.537779715000428,0.468607794932633,0.375680566119357,1.05449713922467,1.71365390547698,1.68724105369505,1.45772863095193,0.602041954639177,3.34145784674314,3.47577561996018,3.22753797223492,2.71523468286802,0.251085947485805,0.666311811982964,0.957030531479098,0.953058670395251,0.833696655208214,,,113.544206477869,108.939218964181,114.889912463087,,,4.69666666872138,4.25294903115386,3.92421150388473,,,0.0332956634223792,0.0323318069902082,0.0287992539850353,48.6704088201591,129.157639508062,185.510450452808,184.740546343624,161.603456693955
B2_295_c1_59_6A2,19.9,81.9112274041363,36.5996554027957,34.6626814104349,23.1376457144468,14.6067292777472,45.6124100635119,60.4401383939877,62.2278564807276,64.8809792003213,65.460933975218,109.616388480389,111.307157305366,110.291277772135,112.321948020978,108.491975742751,0.213388677816387,0.294602699556514,0.607898465655379,0.819788629715609,0.70525898534236,0.209807383376906,2.06137623452604,3.11973632621079,2.43065162013799,1.96976571758588,0.395887012060003,3.63704819458716,4.8976061303309,3.5890395651551,2.93509588640453,0.112018231242463,0.691253801526845,1.01022686987357,0.831660300746323,0.691760715403166,,91.6048989198088,85.8808757526644,80.0637172971618,82.8946072073164,,3.72974466705077,5.01627577845884,3.77780486822853,3.22926650878994,,0.0613729976323506,0.0503119520895632,0.040958233405613,0.0339567890053534,32.9830867489598,203.535476756085,297.455156322261,244.877316316557,203.684734463259
D282_c1_724_13A1_L12,21.9,107.755802859079,,41.1204344970917,24.9311168576505,51.0269518270458,46.2751179479054,,64.0680272576795,69.3653549977892,80.6018958804637,42.2602426563333,96.4574233450919,108.47633701265,104.347821907225,112.613758989041,0.153713128513372,0.110105343732413,0.121561531869458,0.207920886112245,0.171804957522384,0.13152435747072,0.213020016962587,0.374631616619816,0.489573659738228,0.364423852286926,0.123680848280748,0.444777280342358,0.930679985013556,0.845140626346947,0.565644847098217,0.41841487984941,0.553446218217348,0.895291929349089,1.13513816825546,0.863219006930966,,,,,,,,,,,,,,,,21.2982001983558,28.171580224055,45.5722481813071,57.780927793488,43.9396687595299
D315_c3_135_4A2_L2,23.2,6.15777009895557,30.4518786623896,39.0997153185332,34.8816756218433,34.9444830562947,65.8211664065679,65.3423154777789,65.3582568720226,65.6863568104396,67.9023770537378,105.93438171845,108.648956834668,115.255034173358,114.018756265321,109.095102537295,0.281712898716209,0.563732309571897,0.779279475408215,2.93816431766399,2.74672356334807,0.565564743986971,2.23467619398711,6.64962236721431,8.16914861839702,8.11175046768723,0.82766888082871,8.30343305445059,15.7870319975594,14.8346669375061,11.3309092111813,0.0815870555765448,0.360769936297152,0.83734540502277,1.04277618499279,0.939098368737184,,191.574555018757,106.267088307553,99.3110213214226,72.124364962819,,,17.6552624370904,17.9053757117283,11.2365118512729,,0.0308150958148687,0.0519586456261478,0.0337305929082346,0.0466702343237293,69.6729590322497,308.086973038466,715.068483446608,890.500360668674,801.962538173624
c3_14_14A2,21.5,35.3172101842687,39.5690989081091,39.3435922541931,39.0340592963964,34.2024478449616,72.2128349933441,65.3585573114411,66.2890553297313,63.2389946608755,67.0338034176733,111.448271248701,113.75777482874,110.914440765003,111.199856991167,112.980785038803,0.0535313106907724,0.543179132320836,0.558692406518023,1.26135992161905,1.55676808190572,0.248235127418284,2.78233001894193,4.15555060941811,5.31450152184629,3.87247872010127,0.500567832359699,5.36891269872672,9.38028540048415,10.852909409237,7.69905425382242,0.050332663388657,0.529722542809773,0.835282297325925,1.06552798669548,0.832252470229745,115.740638685717,105.373380681773,105.452491370292,105.895328579545,110.651194277851,0.692830558017186,6.4595805629545,10.6743819990626,13.1347069071618,10.3806908067726,0.0328751135802434,0.0380133179732506,0.0483679495951721,0.0393642545231245,0.0300669573014449,26.8712036632172,282.804075415698,445.933896929108,568.855641877369,444.316356837158
D335_c3_158_5A1_L23,19.3,23.3594261510046,35.2333930298121,38.1641806620604,40.4574516472753,41.2388784662201,73.140107864123,71.2311894590186,72.1147223307523,72.0487881078712,71.5030817376748,115.41221899933,105.158058276595,108.559017061513,110.769622860145,107.775623415765,0.0506227209696457,0.429774123107185,0.71324299632767,0.824703399092659,0.593721422239015,0.147054745956203,1.46969631237255,4.37124868195607,3.54922977583314,1.56676355094591,0.344082798804868,4.71019223997973,12.8112445165098,7.30029216381952,2.44691231682046,0.0355751355247326,0.410823055909729,1.14645555882693,0.831779302080545,0.360521352502096,141.794690835931,,113.593019805558,101.395285997098,92.3477154818794,0.663573174734672,,15.2278932745456,8.30611991574429,2.96701273716637,0.0275483878668383,,0.052288576786013,0.0470745460255124,0.0331711554786783,16.6538889272543,192.319760443899,536.69348704134,389.383199937722,168.771881594077
D359_c3_25_11B2_L12,20.8,34.614316895328,41.6156823976223,38.6915982342287,38.6289347106585,35.6654526152262,83.367937366633,72.4173890940747,71.1235501834195,71.2809141296086,72.0746910603474,114.794367524037,107.4785450411,106.460557154,107.682781372293,106.425925863749,0.0721686183015382,0.321812024878777,0.644320514306088,0.850719031401702,0.826495968282346,0.117562092467598,2.30386127704747,4.46161952262772,4.16694590164774,3.62464318465626,0.231517706353201,6.12962546357825,8.40374703007653,6.30103894617833,7.20626932003196,0.0349984414878766,0.59761418848326,0.983995671702991,0.864050970866653,0.836261646661999,,106.388297015282,97.8955262215245,83.1975594955157,102.654167253769,,6.66577876647117,9.26084734903654,6.4480194871568,8.44374709645669,,0.0610266094861149,0.0466175253138402,0.0515397666854124,0.0408011095286002,16.0310179413192,273.736868565438,450.718706223399,395.778098318342,383.049212803361
B2_435_c3_541_15A1,19.0,93.0342450867485,,10.5505349475057,42.8776485610486,7.94574509478954,76.7399033753951,72.0341296781647,74.3460207527102,75.656607002148,,23.1809128783333,104.240082783123,105.537537809678,106.512921829224,103.845717003854,0.390824457250626,0.357082504611429,0.496490335739869,0.361239733290372,0.331771148833148,0.320585494479229,1.46711193846341,3.54481531665499,1.6466237957388,1.27494106251181,0.35488904759604,7.91185560454334,11.9633255038568,5.72159916141091,4.64940306860573,0.138414179101092,0.660515644564323,,,0.474215880608343,,,122.444485918843,181.228582873774,,,,15.9912584891755,,,,,0.0483291860131639,0.0305518735980486,0.0289298723301248,52.896351022538,252.422603071861,466.629143809936,218.781010144584,181.226300976003
Ukraine_1995_ST95UR_E1a_1,19.7,50.3708129439341,37.1243393356206,35.1602818146129,36.9510664629615,34.1106847711219,82.1003827187962,67.1069390397907,66.5741408396449,69.2030643079296,67.3227150805922,108.576340335721,108.622867490793,103.648887657218,94.9020406031782,104.243261742963,0.250252616708084,1.02607798186262,1.6777131483859,2.28736664230797,1.56864666398272,0.332461653776174,3.80962948702035,4.89071341468406,3.95138576260229,3.22704280602781,0.476504998635877,6.1108391215978,6.9972257235822,5.23206437778532,3.84108827433128,0.130438695763014,0.762216462902798,0.958578211625189,0.85509237146194,0.658560265364141,,89.7215591834029,76.2340552331286,54.3005280952512,55.7859926292289,,6.6931807804276096,7.03433428170591,4.84808664185433,3.74689531620197,,0.0412868948248765,0.0430999280277792,0.0453128462453242,0.0529252610835695,64.9786680665888,379.701822746175,477.520378938954,425.968406433978,328.064985889524
Ukraine_1995_ST95UR_F1a_1,19.9,33.5167762589815,43.1227057632113,35.8371016350693,36.6545069769367,40.3861783546096,83.0852959168564,61.5496810073103,65.7106589493801,65.9570567091994,67.5649383367888,114.802300881314,100.255365259125,106.827321952626,108.516991710906,110.818234854846,0.0132914577447945,0.306519094593391,0.597775044091489,0.607361060366166,0.425670131127698,0.0476847940425931,0.968748169465551,2.27592165304898,2.13926508762627,1.09779368890705,0.0987024768947894,2.31029887467499,3.00981560412013,2.77107570498001,1.75025560860347,0.0303682655061963,0.533147718600847,0.991118613681778,0.94225937708657,0.555901982320161,,139.819269793792,74.4738715964287,73.8802656554329,96.4163298805769,,4.36807401807817,3.05875790567814,2.87276821845229,2.23157704690728,,0.0286330909970986,0.0522618136256676,0.0498582818896411,0.030228301363743,6.60803369823916,116.011172581947,215.664118084879,205.032510500129,120.962424783202
Ukraine_1995_ST95UR_F1c_2,20.8,,,40.6416976247349,34.8186266552042,20.1203075987611,105.260788166644,,,73.2746033992872,69.6752533654354,100.997321420152,,109.172584355862,106.400038407808,105.135996875295,0.0737077078450766,0.0931775412469117,0.115079322949307,0.140740261163016,0.128664068368347,0.0743497995236094,0.163377306610768,0.299168638889957,0.358009369247798,0.282230036280327,0.0730409656520219,0.3157194781676,0.6370694975651,0.594697085244282,0.353002518866951,0.321792008618342,0.579516542423219,0.950567189240574,1.05544640231044,0.795469900413117,,,,191.560559713836,97.5578182087881,,,,1.89112594175421,0.533553889895705,,,,,0.0173907920993549,12.6635693460401,22.8058737495183,37.4079318212512,41.535272314792,31.304345592114
Ukraine_1995_ST95UR_F2a_1,21.7,61.5055903903197,31.0748912439677,10.6272494351847,33.4636826664785,34.0473722692239,80.5577375388515,64.3441611069871,63.3687394465908,67.0706556142863,65.5954968911378,118.141563928394,112.836876716963,109.019222202302,107.704408850162,111.585157845753,0.167382855142431,0.643649493209453,1.00777759125456,2.75695318070453,1.77271275139194,0.249110032530756,2.31798932946877,3.40476126360441,4.97414684220829,3.55873636486851,0.392996345529981,3.76848227316907,5.27223111585577,6.01964552919041,4.32939802599448,0.0919403933899705,0.526477138997487,0.764280326238451,1.1641488086471,0.812514039781645,,90.1466976970651,87.3886898349809,51.9744877560738,56.5503935785941,,4.20790685312474,5.84913335250592,5.81748540473508,4.2611400779655,,0.0400851341235929,0.0380945290194038,0.0497833936292411,0.0472398614224816,41.6514803337818,238.508357345485,346.239621172752,527.390839011242,368.090795580374
United_Kingdom_1993_ST93UKJA19,23.7,44.7623827740226,31.8983945205339,32.8070795421003,29.8701437667763,31.641618285152,86.5672897479864,62.3137093179445,64.9843781922625,64.1868017652625,64.4093386951963,106.068185368202,104.784761036592,107.300412273663,108.134198464505,106.77113405004,0.0799097672747488,0.525694814454004,1.07427779138013,3.86134790674901,2.94422793388342,0.121757411962413,2.17843407065565,4.38123642154629,6.61130393063301,4.95241629279401,0.290074541631022,6.37700983898283,8.25939836708032,7.94371093504745,6.40144437368732,0.277276809792132,0.457203044277707,0.751968717609943,1.16861360777673,0.898917044097232,,127.79371090011,105.234004373871,50.6026546749993,52.9742430869365,,9.73787793785116,10.1570289874652,7.69369839997368,6.12581750983642,,0.0383700784879995,0.0352451946651148,0.0510461846203215,0.0417386206629066,167.699547646164,276.520577993163,454.797550079256,706.788185943962,543.673240396646
United_Kingdom_1993_ST93UKJB53,20.7,57.2167780136235,34.548011402699,,34.311160075733,34.4721230694126,86.4308437297991,70.7570596623391,69.6133166301296,66.4948253149712,70.2188924192361,112.198976281711,105.337873938534,105.120177317737,105.029520509913,97.016685288891,0.0715245488687073,0.200093552759889,0.131614067359434,0.229107712277836,0.225072222135334,0.0826522875643031,0.505745846503123,0.507406415837214,0.470746517357564,0.568299505897701,0.0972111224120963,0.937552979117047,1.05423662425405,0.709607682331753,0.769791564247912,0.18229507579137,0.909054049647535,0.892594416239884,0.824617884892143,0.91729235736861,,110.291931443316,110.744860306392,94.6193664211357,71.6898222361736,,1.3099991526218,1.38796943765498,0.936072887909262,0.811463636016748,,0.0275816518392088,0.0360342253517082,0.0249712896708681,0.0348916351724996,11.7725004891386,58.7061345330957,57.643181836752,53.2533005134787,59.2381592257815
United_Kingdom_1993_ST93UKJB95,19.8,101.744986628896,8.30825093187293,40.9458411253761,40.8028529903938,16.6151305671182,92.4127797635213,71.0221195003803,74.4186420861137,73.1144993433292,69.7388020282524,128.670797458209,101.43620057625,107.640287694124,108.980321486071,98.9361830853872,0.0381519781238811,0.0721082149789174,0.209025061026911,0.168683298968421,0.195732160556633,0.0219132831921256,0.363641978960099,1.03784236740263,0.739922012981029,0.589606816378104,0.1059545751006,1.4927775625855,4.29582082355974,1.73153498343984,1.8156867058068,0.0569357648060126,0.434893380038114,,0.68719531211407,0.638025298985847,,,160.644379982975,122.007315310183,,,,12.2384874709578,2.52066470592168,,,,0.0368727659063272,0.0347022963208331,,6.89480610341344,52.6647098047629,151.842479170627,83.217964109983,77.2635748473383
United_Kingdom_1993_ST93UKJG27,20.1,33.757638409924,31.5214493901461,35.7521683760671,33.9386778216771,33.9654018407778,45.0788017809357,61.544497292795,64.3008272324457,63.5003274331329,63.6286789205491,44.3670521418598,106.70114620233,97.198948815637,111.223699722581,109.311752720883,0.0881443807894228,0.623830083197876,1.04664595279691,2.07414855480547,1.60420368072726,0.146867532874217,2.17076991342609,4.06662914740463,3.52099554481717,2.76801186623628,0.204906172342846,5.97012327381318,8.8197672289677,3.89121565728615,3.93066662164624,0.0437031644696707,0.573183149973152,1.04373813315345,0.842174282607142,0.696096666157318,,,113.374903544524,45.355321279052,58.1327729993331,,,11.7236844848559,3.77734372831336,3.65259301231599,,,0.034939510543426,0.06167451103817,0.0413150501261918,19.174351802866,251.478708657065,457.930275713548,369.496034669118,305.405856250188
United_Kingdom_1993_ST93UKJG31,19.8,24.3950478776279,39.0230081999461,36.1104543329133,39.3720026576959,39.0483086528124,33.464689682977,64.5962054922504,65.3737351833148,66.1928402132519,64.9945639695732,111.476051699148,114.391811157366,112.120345793907,110.986829033647,114.016298552879,0.0498665238910279,0.462941275707947,1.01407968001858,1.18244399194199,1.03931776901382,0.353999192536124,2.92937844524625,4.8941432353153,4.24351522399464,2.92856790955198,0.563448431986946,10.5664327343139,9.6110392688613,10.2514979552938,6.39975839608472,0.234912178372775,0.666843079874207,0.984377602218893,0.939655502693691,0.64494799666611,88.0033429425358,,103.547454891344,160.338874319962,139.44943094911,0.576357393864789,,11.3769435666829,,12.0628158290011,,,0.0399832022250561,0.0262069296605338,0.0267574259393422,122.507655486475,347.761375585784,513.356919154135,490.034162542636,336.343000731464
United_Kingdom_1993_ST93UKJG47,19.9,53.1108813090508,27.2174134469101,38.9044963193457,41.9237524224191,,4.23892905197427,69.3798264188383,76.0833907813545,72.5407408805726,,102.412742556734,103.962646615431,99.9807295607699,103.426036189201,108.396929482722,0.0633972765630223,0.367888819944043,0.624315603829645,0.555664939531986,1.31514426768274,0.197069430937397,1.19529246993186,2.67450195668764,1.87336750958531,1.17529761952813,0.341246328504478,2.59455299752449,4.51565645834672,3.29042269708683,2.11490609089518,0.0916788019062987,0.551189212007698,1.11091674550201,0.79748383292863,0.679094003754177,189.183969097648,124.729689575116,91.4353634465377,99.163739351404,119.14605752763,1.18163997940602,4.04236013006369,4.97893897338952,3.960480827688,3.30300119264847,0.0177655850261228,0.0301034189667739,0.0461341755804545,0.0349088047256596,,22.6673590401654,136.280181545282,274.671442148243,197.17592282888,167.90432777309
United_Kingdom_1993_ST93UKJH63,20.8,93.4810697998488,34.1338726665494,35.20448942573,32.1389370338706,34.8698695428964,8.95353965860139,67.4686182778799,67.1801467797296,67.8073475791507,66.4139321631456,1.4966178680505,111.541204705316,109.299815727843,109.028253507234,108.856437360117,0.103093206149203,0.245419512148085,0.334688362480649,0.923269312362903,0.412773910018285,0.0949044057470929,0.754439451152002,1.53976861048718,2.58164589158505,1.3249844948169,0.2133343922998,2.02554126112355,3.48723839736217,3.6881719609379,2.18844944609488,0.375693252083978,0.476578479688744,0.853812960643263,,0.675192511412571,,163.890953088511,109.838217281745,76.5328296189957,93.0364900258045,,5.45464183408534,4.29910389413491,3.81421176777245,2.49889863455277,,0.0262893806735203,0.0411034525889062,0.0409780883038505,0.0358610878005599,75.992996999795,96.3994609332458,172.704208544172,259.976038009565,136.573926226895
United_Kingdom_1993_ST93UKJH78,21.6,48.8178347294862,12.3344249980678,34.1788024098081,26.9707818831827,17.7053558426796,2.59734148402964,72.0637806469617,67.5695215714815,68.4098555290366,69.7978061792655,108.63449738421,108.814471738195,101.425672603379,105.498177360337,103.261414792275,0.0981800664350324,0.206059175614562,0.38292200298874,0.708676498503694,0.662946653475282,0.190090556374181,0.915068317617126,2.45047527602624,3.55505685894064,2.43123607509491,0.287175109532649,3.02428826233963,6.41526972997242,6.43113513120657,4.42192262201425,0.073593371412762,0.37219934218556,0.884251749995333,1.11622695386278,0.807031016523736,,148.841437652978,110.802366843813,95.9192809736474,100.047396690041,,6.60548189633056,7.54142764608977,7.11167725667881,5.31734665388775,,0.0347576506500008,0.0503012807265625,0.0449388131247712,0.0375170454342953,23.8862640196181,120.805061443764,287.002352993644,362.294744947053,261.938752942685
United_Kingdom_1993_ST93UKJH87,20.0,48.0514018559732,37.7693043866882,33.0649638500392,31.1949672767726,29.074788837804,40.6743696369186,64.0725203108944,66.7979310876051,66.3274348626701,66.4037271566479,103.412029031305,108.153784503398,110.98266613109,109.452840574519,114.895675489935,0.096291195161816,0.587161172471187,1.47477937963896,1.52925045217616,1.01932206026895,0.260951134304932,5.37682191142326,7.97813577000122,7.37150507875802,5.66626505108666,0.590959395256761,11.3338417767313,13.7491752279506,12.2929776237429,9.68048082672827,0.0410278819468441,0.676010621351136,0.947017942419962,0.891730748637957,0.668205653757603,,101.981755785,91.5824605218821,89.2450299576256,90.3945363883197,,12.5146218340716,14.6004958680224,13.1469118156976,10.1299322837767,,0.0507720124279068,0.0459253602414371,0.0496870498405108,0.0503380988981837,34.0199699008591,560.542243463186,785.259203447105,739.415533749419,554.070430880874
United_Kingdom_1993_ST93UKSA7,19.7,38.7910021536892,37.3469652851387,35.1228449977483,33.7215977065398,38.3991510927457,74.109042858045,69.3328543096527,71.3643525318039,70.9507960892415,69.8879565117503,98.7415123125578,110.657754829798,112.579291251623,117.70644309052,117.19375537909,0.161809940412992,0.462505569320529,0.73799681111003,0.747451875952597,0.588620237892071,0.237959457111232,1.38727607232097,1.89733512107714,1.41679114732322,1.21452548461976,0.309156404833707,2.49404292531758,3.49642460128414,2.35858379224673,2.05548047327788,0.147549899753709,0.740801088248743,1.02719358948202,0.789593955452291,0.674943113379612,,103.958004049518,108.747652424901,92.9829885122291,98.6779028896369,,3.19167129461339,4.71156765255946,2.86888889982951,2.62873063660866,,0.0325318001004286,0.0296835861419668,0.0293734386352748,0.0288621913007064,30.1321303055712,151.283836579218,209.769922846334,161.248147195585,137.834548685901
United_Kingdom_1993_ST93UKSB81,20.5,40.809713835321,34.7848089535648,33.7823660161605,32.5973358060684,32.1495179141512,70.4096020736617,64.6511957579869,65.0382242808627,65.3501943845957,65.4689541659835,108.461229790433,,99.4010512257183,,108.518178372174,0.0993670858325726,0.563207275840465,0.638739742580375,1.02313633491477,0.684414726936053,0.150367922415675,1.4674897029158,1.78392067669392,2.1827482836353,1.42810968787571,0.25175933115212,1.48768763578582,1.71356748232465,1.89348937155748,1.65472534535547,0.0994888868554836,0.701171083695384,0.822860255718532,1.03999517293288,0.738677274251094,,56.8556145690247,57.9739531764548,47.6288870092775,54.2398077997641,,1.58578722525781,1.87635412382406,2.10995931084241,1.65167506056749,,0.0550554352778765,0.0708533369784422,0.0859337898744614,0.0487514036278001,19.8353068885496,139.793941474864,164.055365523148,207.346006873097,147.271628917217
United_Kingdom_1993_ST93UKSB86,19.5,37.8361985400196,32.0327361684814,32.8246174620929,33.1827868249271,34.1456352021212,67.048752704678,68.1627650176145,68.6602324233852,69.1663077130726,68.820198698203,105.029549185694,104.630906761626,106.154226966911,111.710854943491,105.243701765819,0.155016722803347,0.68993156127753,1.01285966852229,0.903157224439196,0.763175969504418,0.537965945957971,3.34888198457285,3.39158811766001,3.25311616338476,2.38611886369924,1.24042762445629,6.84247402912522,7.38820890029066,5.09035869813885,4.80934148565405,0.154958426781288,0.873256975021825,0.950108328274425,0.791489451125932,0.654418163595531,138.730786340571,105.805913812293,114.856227106535,85.2546359331045,116.963849591277,2.32591532055258,8.21797900277711,10.0112400665205,5.35464033264507,6.84882074199065,0.0283709004288003,0.0394362677125455,0.0333671154893245,0.0423358039447767,0.0297911493706299,62.8812187586318,354.362547551878,385.548374977671,321.181766975767,265.559044186436
United_Kingdom_1993_ST93UKSC20,20.9,58.6329273006365,40.1621607705631,35.1805877442692,36.8337056633143,34.1604109536613,36.9607125726072,73.6584398647201,70.6210211398369,73.2935425540198,70.7300077523786,108.98460762997,110.714646754782,108.545919516835,112.823599973655,112.085389361239,0.0589574122612301,0.115114402169174,0.227134099764697,0.477970599412416,0.547513167627343,0.10276010854328,0.63319859566966,1.57947741638033,1.66549120657977,1.35022607051392,0.175950181179045,2.59182387002549,3.51905144943998,3.52525657007105,2.22650829842173,0.0785180665399436,0.509154825858463,0.93067506573571,1.01077128961143,0.784209773452775,,141.646568026875,108.948471774914,124.833557378857,89.3884050959708,,4.94178173721477,4.21398512140152,5.42576932768729,2.45483113533943,,0.0417263321665367,0.0434088152700072,0.0298298086833769,0.0318816579972748,14.0380584692487,91.030580989474,166.39318266992,180.713396137751,140.207001229277
Germany_1992_GEA1a_1,20.3,,36.5106101951289,37.1921784872555,40.8099504173157,38.8178449125441,,67.6932685855424,67.7355993204354,67.4302885172437,66.6190874589389,,107.167697538958,107.815218152033,109.011479970959,108.757991486512,,0.345800500940185,0.413011075945017,0.40505890943879,0.351631984443372,,1.24073182778847,1.41992370215212,1.38571309857024,1.38250236053958,,2.87177373243677,2.93104192363837,3.01518225651233,2.80641645739133,,0.901002199759014,0.99765377918329,0.975554986165345,0.935421009709239,,116.498020134409,107.181816544687,119.353391675991,106.839615972001,,3.93671104264721,3.69612774895761,4.37254395265783,3.48061365408334,,0.0355418660627459,0.0368506707928573,0.0328210504805989,0.0388220392646037,,146.283813005689,161.975851909686,158.387963105027,151.87194004909
Germany_1992_GEC_1a_1,19.6,,38.5033518813566,40.6176614660419,40.6424687671762,39.8207200794328,,67.2657597758001,74.5907912990608,71.8875692440777,74.0587759901558,,103.181206266885,98.3616063769495,103.152887303364,104.36662820424,,0.586309951271901,1.1765844721146,1.18878440098491,1.10824077582856,,2.27153721803009,3.0289935081162,2.7949262171249,2.43562762979284,,5.41214798236977,4.40811719778142,3.75710372667334,3.17627192071517,,0.816366155047155,1.0283860145372,0.907497289882492,0.795126964214238,,137.577148371884,79.6632700605142,74.7433415649768,66.5096420290452,,9.82661676226197,4.93295119511537,4.09160805511012,3.27593806586449,,0.030126998486098,0.0404472385979019,0.0363173511347678,0.0366967032216656,,260.132928468389,327.692499136057,289.171624931736,253.365116163203
Germany_1992_GEH_2a_1,,74.3104684930135,11.7344147025863,18.7055666706284,35.2404580119621,34.3661975998815,25.8066787191888,66.5383652094065,65.9784402328886,63.9422585108254,64.4824866802153,116.570386081357,103.836067901836,112.984892201156,,113.93534830306,0.133015603465671,0.157389898143658,0.628990659422613,0.92603699157528,0.652907649100881,0.189809455941268,0.548464811954279,2.93174809658607,3.46965103186616,2.19765491459898,0.316524112996761,2.41442622002138,5.6726877870278,4.29296252662536,3.29228312024972,,,,,,,178.461287233532,98.3957218657086,75.1356614044885,86.3040038900718,,10.3679766634873,6.33621307487065,4.6477902054161,3.67655935714434,,0.0345931133170916,0.0467490663615585,0.0545049316629192,0.0386017817037685,179.545626106879,83.0710185124755,312.999023425893,329.981569379952,222.566873736458
Denmark_1994_STDN94C3a,,41.8644881934269,31.8558466884034,35.5781704280183,33.1735145067776,33.7111716619193,70.426190141443,71.6090290993441,68.2152815648336,69.9481797332682,65.52477451533,104.782394456621,105.169078919345,105.729877382829,105.696023963906,98.4023558860734,0.197080591256388,0.839330252827375,1.08049233113351,2.72561002184324,,0.343320712931529,2.27185822095907,5.35484106004568,8.62200267504843,,0.68075639337545,3.55262322161226,9.13763644755297,11.3973721394764,11.3504841313875,,,,,,,84.3239202121777,91.60289912092,70.2854128725072,54.2784684623585,,3.88283670156777,9.76968706306734,11.2728785232758,11.2300451662196,,0.034473473742545,0.0482441999145875,0.0530122966283795,0.0531199876352599,44.6857817456344,238.451974587178,528.881091355576,826.539695282221,
Germany_1992_GEB_3a_1,,27.8654766345019,8.164183642416,37.815219594599,32.7989375062224,36.9318613374687,59.2083129402685,70.092680373133,71.4831772500694,69.9492128214347,63.8175583240383,77.2787995267119,108.625524097155,96.0465909348384,102.929004247058,97.3419032188963,0.112164648044101,0.231911241327558,0.224504196097465,0.336824092376672,0.463427425720464,0.0892935818574185,0.576469205992583,0.652088889664231,1.04749237914609,1.73982646261336,0.149887590498683,1.18413713429759,2.3840555376405,3.21873544720543,2.61658104562248,,,,,,,,,191.028167887851,87.5889692424815,,,,14.4529753074289,2.92538415819909,,0.0162439453993822,,0.0267358515000212,0.0505576349645698,15.1794504583257,68.9438369119795,96.2795828722865,135.477745279505,179.962356400939
ST99CH_3D8,,56.7625040315163,0.806615621512419,38.3741093559361,38.5609270094577,37.2887879971098,108.27385925358,67.5350648425733,66.075095457796,67.2985087819821,69.203593790921,28.4586261708778,99.0594812814155,104.462616679086,106.362571111496,105.73474213713,0.104132857949805,0.247097735385761,0.344148843473476,0.704875605667398,0.788484745591559,0.140518666700262,0.627149489945857,1.38567251454342,2.08200623041982,2.33551902569358,0.181020632821076,1.40310038755281,3.1452080408873,3.78619214071395,3.60512345455033,,,,,,,189.737105480715,119.508180204743,102.336146201184,86.7296402210254,,4.99343983528493,4.46963404290124,4.71940863310945,4.04472765101793,,0.0203085193583156,0.0346825532766891,0.0336908551929439,0.0379630632415864,221.162553119076,79.607296184299,156.731863290311,226.219919325334,242.548306460485
ST99CH_SW39,,11.7348451235588,37.0661209317534,34.7445837258947,17.6480963321264,45.9505765468677,62.1012286746497,60.8469045876093,63.18291242945,,,110.089999739307,111.38362006403,,,,0.371653194870885,0.871151078884956,1.89401671439015,1.37515743145306,0.717129741112616,0.51143342222576,3.18649467742752,6.14382849107111,4.87969715555335,5.07383216081424,1.19475594592558,2.70645191492931,4.60283863237971,10.301990470778,3.09191366966938,,,,,,,55.7199434680509,62.3370060413852,130.738056938233,91.4942520523067,,2.92868373070964,6.36051245695228,17.4535546501122,6.18575936711398,,,0.0682823697728113,0.0321971803975951,,346.686623100512,264.646725254853,529.259198418983,489.781419724557,375.632375387893
Switzerland_1999_ST99CH_3C9,,88.0200977300218,,,,,60.2357606155789,,,61.3571723301865,72.0448981180942,50.7393643455101,,,,,0.0550654918420227,0.154955538491633,0.13126082917663,0.0869655110349087,0.137677079431232,0.0400737565406272,0.153044603042659,0.114370441814254,,0.0909227994401214,0.0382105666410815,,0.137822295714176,,,,,,,,,,,,,,,,,,,,,,,9.22545810213571,22.3587621025355,20.1924047340509,,
ST95CH_5A1a,,38.3837286959376,40.0913980167405,41.207701464835,39.0321141400657,39.4477493995263,50.4143507878616,67.9992560910971,65.5996607853481,67.2391946985768,63.067270839057,133.522799969528,102.655937367089,101.043943322852,103.732932675747,105.80862265331,0.0974756577359911,0.240576988379413,0.303168801915828,0.491429165622948,0.629584402379286,0.138882074409158,0.583867475082167,1.10260493054015,1.98996147602441,2.06460544723633,0.194011121659177,1.40574681976999,4.38098167183761,6.55800920078214,5.11591781299533,,,,,,37.0590906256173,,,132.934572704207,138.190134746689,0.165961661357929,,19.3751034550278,10.7312382573951,9.39911378107703,0.0486439177626756,,0.0320082128979845,0.0390319562378938,0.0298195713553149,29.5760481146994,71.3434373834339,160.716968963744,265.194238781174,248.55897978516
ST99CH_3C7,,39.5565811250237,41.132953008636,38.7534726958879,38.940694742053,39.6292928859243,69.3829680061427,68.4145007088707,65.2581660600272,67.3703147042069,65.5558755948431,104.439698828324,104.916710011808,104.612233092268,106.33932442367,106.091848753804,0.080534317140538,0.176037456044322,0.305904799210771,0.359167479190265,0.34560323411776,0.129121072905467,0.499758550516049,0.916860738097628,1.06239865797813,1.19795314024622,0.185714265707857,1.01920409455061,1.73433202633753,2.12674228757896,2.02877644715062,,,,,,193.193468184019,128.819956800196,110.773914744355,114.78867994817,99.7566098182065,0.503941196998314,1.69765391162175,2.35856277644864,2.97232032860084,2.48321367772654,0.0110803736671782,0.0264875827802209,0.0304503585005108,0.0304972129668369,0.0325037328990103,39.2524758600323,57.6430974789152,101.415865102749,118.935587937816,124.413340797837
Czech_Republic_2010_ST10CRI_502,,103.353066359556,35.9737369003723,38.359818510157,40.4293325384931,10.5996705753178,108.223833484637,69.4091886313549,68.4124711778368,64.8836979927675,66.7197808271527,106.910973145078,107.939652754625,110.214794977127,111.029062294669,113.257553880047,0.0363994252275786,0.052350234387125,0.17704342801746,0.342489384115906,0.219006711836806,-0.0010342025959528,0.247131536901743,1.3023491412036,2.81605576480493,2.29367106564691,0.0552403718938883,2.0054545865399,6.2050694582535,8.10134037895014,7.28005479097803,,,,,,,,121.874525464381,106.670641360691,108.440382053692,,,7.61055404943861,8.52024483653657,7.58329760380823,,,0.06143080737128,0.0671820997832473,0.071072407764578,24.3218923128261,56.4995317295854,207.541936090554,346.316024244618,290.007124107456
Denmark_1994_STDN94Fe3b,,54.3635743108248,30.3996595615963,26.7959665356613,32.8139656419704,35.083220204955,16.549192333793,75.2163213106668,71.5134584751152,,65.438571351687,17.9517265240557,109.237373338092,112.831589273519,112.333211614123,116.119407747509,0.139775186223757,0.266855506182218,0.540866636296064,0.515898287177438,0.36714326558177,0.166865337020161,0.581403128453248,1.19009750284199,0.974210453299067,0.632808844933463,0.401364832078521,1.11107116486823,2.04503104420626,1.3001553417848,0.648547722937905,,,,,,,144.715101732815,90.9718800129121,62.7357771989001,43.7158263703011,,2.20186955908912,2.37275944747976,1.32808599730939,0.683096708117416,,0.0207435053596838,0.0308927164566421,0.0380505073469247,0.0467924960725696,169.306115895103,68.240140113956,135.602273970476,106.790968272172,67.3678372983835
Germany_1992_GEB_3a_2,,61.0382945228802,36.863718576137,36.7252872961885,35.6112893048298,38.5952385629552,35.5396031595309,68.4322905382236,68.45904718548,68.4742617744183,67.1503025256396,113.348597878501,107.984819769975,106.455260884761,110.657290927018,109.50232482951,0.34846910127557,0.360672788145204,0.615025290345661,0.798378831258433,0.530048298232894,0.49149075983861,1.37719719170169,2.50732092335393,2.05008141902365,1.20550664570375,0.63241264612685,3.23080892776354,4.97716546829549,2.98409292390003,1.49577297240631,,,,,,,127.945466198902,104.928734036641,82.7320015744463,68.1239569851337,,5.14257771263671,6.01804161001526,3.37793349846257,1.59699548040226,,0.0321738290305596,0.0381585464795149,0.0362110627726004,0.0400500908821308,337.314536234025,157.621256931461,266.933891892562,215.856042579947,121.447314301564
United_Kingdom_1993_ST93UKJH70,,36.2938998270198,38.8575846313139,35.2287450660476,34.1499659149986,28.7146458033249,69.1962411068295,70.2553244197354,66.5280970260161,65.0094261011149,62.5237493087263,108.407906608339,110.611715906888,112.41574978051,104.012567933426,99.0922645221041,,1.08731433750932,2.5069597598469,4.03282316754878,,1.03942869091852,5.03228697846932,,,,2.04050302607264,,,,,,,,,,,,106.502461867435,84.4750858473688,96.2890990466306,,,,,,,,0.0399337617829128,0.0518010016619622,0.0395364795233989,268.558606231097,634.730054788845,,,
Czech_Republic_2010_ST10CRI_316,,,33.5547999998424,38.4432181387439,35.0172092561615,34.8300237444385,,68.5659107184505,68.3935283792867,,,,107.56224530518,104.608959507682,104.522758470308,118.64981789214,,0.679188567779896,0.565662079229413,1.52115744891505,1.07960558422523,,2.69677020882471,2.22391548236408,1.73163006108276,1.4919032734662,,4.44651156878033,3.58705327612948,2.56418079681489,2.25870115953526,,,,,,,89.8856973177388,89.0345302720897,35.6766465838926,45.2463254317371,,4.84679995491148,3.93414407495535,2.0994558843086,1.91922320962123,,0.0430991633596367,0.0444972607992783,0.0726023704183937,0.0457711412368519,,573.945442354735,226.926189568823,223.766147480926,184.947108694541
Czech_Republic_2010_ST10CRI_618,,,27.7921980327301,8.86128469808098,35.0060349525959,33.7459079654985,,,,68.572488109323,69.7581879181729,,,,104.875365095127,103.859084078475,,0.811106128028094,1.18561382117905,1.64276215814694,1.45344474940022,,5.50799772222963,5.73240225058488,5.02907080116529,4.24109295163347,,8.45315524140458,7.28373949823098,6.76693511000367,5.58816716212699,,,,,,,85.1899723815737,74.723648166076,76.2087199961343,68.2399309021098,,8.69511002190161,7.42051683902375,7.30022436105186,5.44750718217278,,0.0647590189906091,0.0630207346045298,0.0471407552223676,0.0510923902122725,,582.898771514746,509.954598472544,504.347724216605,410.984367604246
D367_c3_25_1A3_L1,,,34.5435505116419,35.9985184078061,35.9900486603065,33.8376731275875,,68.0422035553684,69.8631254762147,69.6309062516154,67.7243510217291,,105.147434950768,105.979130881657,103.320439586412,102.0338791917,,0.482539113323305,0.934059816295497,1.38909923423516,1.25383905496761,,2.0812062755448,3.4019165897782,3.01209020184167,2.38155562713993,,4.46321019069537,6.72581830137477,3.85998592420346,2.35412530714695,,,,,,,104.813307723748,101.498354729354,61.476947514205,47.7010636548603,,5.2998455602162,7.96354456293035,3.79936760139903,2.48033994059986,,0.0422359861818318,0.0391799172817551,0.0472188576740115,0.0595195377286354,,335.202863880175,376.504691333238,311.149881143484,238.952971356739
United_Kingdom_1993_ST93UKJB80,,,36.4222336209351,19.4162677845811,34.8708494961954,37.2716307862974,,68.3204461474161,68.8524675856026,66.8850586703107,70.6925373628808,,106.647564948406,107.28428108684,106.164821549699,105.875632727798,,0.174944513338573,0.234545024405261,0.402804683269008,0.342159258805519,,0.452464919248,0.870157976957131,1.11773374012345,0.913735115324716,,1.39122977626047,3.1691420801561,2.1604022462291,1.34833183330307,,,,,,,,142.182053922448,113.514310102664,84.357499693011,,,6.1003832028738,3.0472363449698,1.53995299314278,,,0.0369688333466927,0.0291347924380518,0.0323218859307314,,295.313275414084,125.293299030368,127.389239711879,96.2999107643249
Germany_1992_GEF2a_2,,,39.6912647050265,36.2186844745373,36.6200642937552,39.214114691281,,73.8186981201847,67.0641405916927,73.4708031876211,73.7416148770806,,117.004601581424,113.199368299693,112.308107963584,109.525222613827,,0.519269285640105,0.847590436666456,1.04090628553682,0.790168537822411,,3.56983362423171,4.96980820005286,3.82721638080101,2.6408413975277,,7.05255383713346,9.83985636947362,5.67304070680944,4.54492841397007,,,,,,,100.565445700362,107.761040665016,82.7930459249013,103.143342306793,,7.74765038660174,12.0587524195829,5.91835839741965,5.72673424317724,,0.0489103941841833,0.038136448584423,0.0422374964123303,0.0310411517663292,,606.789289297441,500.219227541538,368.288612772613,274.588825596449
ST99CH_3G2,,,41.987651713635,40.4743477929464,35.1291220809192,35.1582959598555,,74.7594103068408,71.9854308337226,74.8368613011077,83.4236690753575,,114.923695064682,116.706946236709,109.295119928894,106.953470894252,,0.337184106978114,0.431949571837318,0.535057416843605,0.553136101802581,,3.00177489838375,4.20841978706733,3.41955988724062,1.66326922756918,,7.85650172742813,7.39190582759755,6.32673188275717,4.09995873541407,,,,,,,148.848327040806,93.158446724701,97.2055780267408,132.491288399054,,17.1863165256866,7.52561971430777,6.92307738061006,6.93917477880887,,0.032537509949647,0.0604161795645505,0.0453566800158723,0.0288246525887296,,438.599585277336,388.468440043342,339.187057596083,209.627918748751
D126_c1_14_13A1_L2,,,34.4112915130556,38.6473340970904,37.303623947472,37.7556587262931,,70.99301026547,72.6154433605465,73.1109279119629,74.4385255140546,,113.297562442166,105.091719887727,105.043251702567,99.5226429494315,,0.483499827586618,1.03828781963289,1.40538208870991,1.11387477000776,,3.49517380707059,4.91077578326082,3.92974504700583,3.32758200705649,,5.8357607832715,6.72521310610598,4.53338281486343,3.37872111280076,,,,,,,91.4400229831578,77.8156259559875,62.2466484483708,63.6035899723003,,6.00507519372755,6.63435028633975,4.47680631303164,3.77404425024202,,0.053408303481055,0.0563693206770081,0.0588983763428182,0.0601038116312616,,388.225449144772,436.120979786656,363.709196410245,309.402141836131
United_Kingdom_1993_ST93UKSB84,,,40.2554831522041,39.7213184158196,34.6600548220096,49.330766975475,,73.9571403767133,75.8376127901472,74.4865704862517,,,112.148509338634,109.092191721442,110.275023257823,,,0.591339939030797,0.859952164460064,1.13894825356262,2.0849152934567,,1.80367375022342,3.42729430909374,4.26965594327331,1.48454841650767,,5.71182514139258,7.83935060977138,6.22518333524486,1.93497369234511,,,,,,,,121.16126560462,81.3600356201379,26.9900869767256,,,11.3904415863705,6.44752482741428,1.88092874915704,,,0.0336549384349414,0.0444295792176394,,,815.331525836247,383.760696400966,409.299189126476,223.60705592818
Denmark_1994_STDN94Je2,,,33.8161166420812,39.974112058848,41.1301747852714,13.4474528804423,,73.839374770639,73.2500607602997,72.441419111395,71.1747302640657,,103.338037696747,109.02120781352,107.887598902971,109.411361848311,,0.392797412935273,0.399860254793557,0.472001133188397,0.341005627066333,,0.951808236971045,2.44785223485286,4.3160953166952,3.03693249805369,,3.12108503368498,8.19786240968689,10.3951926096459,8.64780212778771,,,,,,,,125.481068596718,109.297379755512,122.983162987442,,,11.7137166225628,12.1984091717396,12.0547524183883,,,0.0440204985948727,0.0478960396511512,0.0429000038196952,,909.38164394515,326.9838304623,473.09416610068,355.879908174135