ID_genome_file,eAUC12C,eAUC15C,eAUC18C,eAUC22C,eAUC25C
Algeria_1992_ALA2a,39.22580828622,360.380617734626,406.243357180901,437.906016894716,304.113324061872
Algeria_1992_ALA3a,305.217107873362,549.074867148867,890.470372421479,NA,NA
Algeria_1992_ALG1d,11.8761714201642,69.7707404856679,142.999839063489,237.793702449513,293.866220061965
Argentina_2000_BOO10_F9a2,26.4303386627675,334.80375217232603,559.243258543358,362.183423489799,294.569926988903
Argentina_2000_BOO12_F5a1,220.862459853462,189.516666458942,333.528655573411,227.133662661481,261.302026248855
Argentina_2000_BOO14_F15a3,177.614361451445,404.312337073713,513.624623246035,575.106320347472,612.603641457113
Argentina_2000_BOO28_F15b2,29.4451615608294,273.146068930019,309.126137234185,246.249494434414,285.079709257016
Argentina_2000_BOO29_E12a1,23.8037277395481,211.011759045448,330.535100464364,419.472538440745,288.866278541282
Argentina_2000_BOO32_B5a1,216.750118065332,106.486011475449,135.87042392751,109.765121801578,120.217672193464
Argentina_2000_BOO35_D4a1,28.2853244067717,85.8531829169007,115.312387905758,127.992102392634,132.62489388328
Argentina_2000_BOO36_B4a1,141.343200137693,298.691698153144,431.345316366831,431.390342288731,358.77619092552
Argentina_2000_BOO40_A1a1,19.042713350847,76.4241567676836,165.576249326467,96.7630068579437,82.3674057619735
Argentina_2000_BOO54_F8b1,34.9312840396513,416.245748997604,530.312334227261,302.13450347425203,271.67997033432
Argentina_2000_BOO59_C4a2,25.633180579713,211.914443423467,303.036021108699,344.690770611864,295.567265212754
Argentina_2000_BOO61_FI5b2p,10.7369360350184,55.083755684708,85.3389020356829,93.8581535610829,77.8983750352391
Argentina_2000_BOO71_EI1a2p,24.5440405983676,153.180968499026,224.304208214469,200.002220755214,190.800412341103
Australia_1979to1991_WAC2782_3t,18.7000669771581,82.7768808807365,85.6902464845347,89.6382322579343,87.4516305346662
Australia_1979to1991_WAC3438_17t,174.683400195143,24.2879571826338,32.0121439529738,74.8368622807672,76.3351228468256
Australia_1979to1991_WAC8428_41t,37.9576875106285,140.334336575226,195.676953315139,169.651003206748,172.673068425562
Australia_1979to1991_WAC8430_43t,226.006256546979,92.7602226821791,184.426910932452,219.90367538667,203.503718606225
Australia_1979to1991_WAC8432_45t,22.0986593142244,77.781687193598,208.944129175348,170.799937420403,118.702031229276
Australia_1979to1991_WAC8435_48t,63.8675703624641,228.318222890621,213.283644433392,191.141403903095,150.86677233484
Australia_1979to1991_WAC8436_49t,88.6727016240842,95.8340852612611,169.211999817899,282.822413593844,267.571197003056
Australia_1979to1991_WAC8439_52t,23.2352143290752,85.1749469022253,170.186493243646,282.212960522432,213.101204014679
Australia_1979to1991_WAC8442_55t,25.5942737270019,196.63403747498,280.875002003999,310.013092813846,231.749235284899
Australia_1979to1991_WAC8444_57t,27.8747603367797,264.916334077575,507.931771249144,449.008928168794,379.609282499307
Australia_1979to1991_WAC8448_61t,37.3437137170423,217.202473644653,271.328394709451,266.514332304399,231.005303752757
Australia_1979to1991_WAC8449_62t,21.8490372907831,84.4778242254529,151.749071479021,122.26754322759,123.214536315657
ST01AUS_1A4,11.7810755502979,108.939231216062,110.008021810386,123.297308389187,95.0171707142553
ST01AUS_1A5,119.501731600226,151.932817160063,184.656648167593,272.678683162688,198.575656407467
ST01AUS_1A6,114.709773490135,72.583002258272,165.261193207147,148.781582945385,150.020137731929
ST01AUS_1B1,19.9394690592949,107.817960455671,222.23950199581,182.908323998263,104.518214071759
ST01AUS_1B7,41.4507474144385,157.323607746687,481.562602557391,616.854599448813,454.525897716153
ST01AUS_1B8,16.4021475022339,395.105532895579,595.717545954736,824.663175713489,705.387212761945
ST01AUS_1C1,255.866967881163,74.0128442216122,164.876909616363,256.957380244046,295.937243408617
ST01AUS_1C2,164.951221420647,300.119417029742,513.010826986818,535.388884550118,388.420598963116
ST01AUS_1C3,20.359688969378,187.384883253472,334.650540353018,436.248236204516,336.543770461478
ST01AUS_1C6,54.6599676979058,331.557931775386,497.464004422946,475.938673016034,432.387486117484
ST01AUS_1C8,30.6324035887651,63.5374803236762,168.562549354072,275.857700411363,226.763114171576
ST01AUS_1D4,67.7880886052827,196.338470453958,308.890657312967,314.430142419216,274.889067251601
ST01AUS_1D5,151.278147454336,422.468156869653,773.488750965937,874.360946309472,858.947904220652
ST01AUS_1D8,44.573231649617,481.739795682185,864.824659669471,NA,850.01100707535
ST01AUS_1E1,58.7493946380576,284.968317234234,374.30075367168,360.345008617895,321.338510990386
ST01AUS_1E4,16.5713244184513,389.127043090439,568.747964694614,710.31721719254,569.028541220654
ST01AUS_1E5,41.5111760980209,238.722489093482,344.334546800945,559.368147399711,442.852635868571
ST01AUS_1F2,96.811437943761,267.563872802828,409.203842821027,599.143569156455,458.507780187673
ST01AUS_1F3,22.8506888682258,105.016223686189,310.228410517502,484.691198136784,350.391208317548
ST01AUS_1G2,52.2595646708507,187.607890580334,348.941624640168,390.526612469952,407.782812844281
ST01AUS_1G5,81.7273029839713,161.755829051741,301.474125833685,395.427824668578,297.391235816317
ST01AUS_1H2,50.700336714169,497.578486968321,720.474758621304,814.265656389939,644.884249518881
ST01AUS_1H6,70.1009478552171,433.33113492623,654.026230956646,NA,921.79163292029
California_1989_CB11A_ST1,133.183642811721,358.902331595647,507.375694008308,696.156068261469,670.620863514486
California_1989_CC22B_ST15,40.4270993737372,241.923834487221,423.165027465823,434.900675115574,288.531994794779
California_1989_CC22C_ST16,174.848485743653,199.563844252843,230.2685824566,250.789918381846,209.281667343113
California_1989_CD22A_ST35,24.4696478849621,187.410063480204,222.414191397485,247.26447020469,190.784183210217
California_1989_CE31B_ST42,30.7051309093709,325.1186982845,350.252083300273,530.15501804039,470.935749232636
California_1989_CF11A_ST44,58.0167279263755,538.425465898278,703.995483198071,752.230219237882,566.028477316857
California_1989_CF21A_ST47,62.6311213404799,109.272717067131,197.370268048453,166.933782591492,133.621937963279
California_1989_CF21C_ST49,19.8439797630507,77.700004236361,94.608266804928,92.5543540710462,80.4290895914523
California_1989_CF31C_ST52,109.2572475017,240.640804803495,337.085982618619,320.524400257901,216.320612594133
California_1989_CG11A_ST56,55.0863729080088,301.537868984831,401.568777333573,365.4413013508,256.32695428411
California_1989_CG12B_ST60,30.4412276520271,126.016421674139,151.49387216381,136.012821502821,107.486282202593
California_1989_CG22C_ST70,370.28572497162,241.075723704203,116.967072687245,325.309017229606,311.897512889797
California_1989_CH11C_ST82,16.0732173508458,121.162292743615,280.339842151534,256.045360974249,213.894290057275
California_1989_CH33C_ST97,4.23615239334797,316.645304606448,759.303741630979,720.86251745545,497.636261812238
Canada_1992_CNRA1a_1,44.1052392550033,264.152765740365,225.302808586969,208.012356955188,190.22053801085
Canada_1992_CNRA4b_1,10.9652842685503,173.38892179921,326.117058594988,291.338086605124,218.972942527816
Canada_1992_CNRB_3a_2,13.2188252246837,65.9849966243227,194.128107601273,193.339797695316,134.970189910288
Canada_1992_CNRD_3a_1,18.8435029760312,147.169157822456,182.011378501129,197.918922354903,228.814429620562
Canada_1992_CNRD_4a_1,333.541636783009,331.903454028942,425.007937654026,439.636358881265,371.678701619566
Canada_1992_CNRD4a_2,44.706494871559,284.104809476319,245.730421260549,367.133817408369,306.291389410615
Canada_1992_CNRE_1a_1,41.8805110367468,111.956158760491,191.298779003429,147.882542501492,102.629036386103
Canada_1992_CNRE2a_2,13.9082753101949,118.696279540334,327.620060615981,374.483753978653,265.640351069265
Canada_1992_CNRE4b_1,149.85042141161,340.393534551924,533.988961805569,593.92402325946,382.054266761007
Canada_1992_CNRF_2a_1,177.412389529042,842.580018682276,NA,NA,709.607363522944
Canada_1992_CNRG3a_1,51.0663557916663,211.740195061342,212.912448768314,301.222709516606,191.009039703566
Canada_1992_CNRG_4a_2,231.94623034108,146.583337745356,307.861193240542,504.566431863314,422.660050623238
Canada_1992_CNRH3a_1,8.83309904294835,89.3628686692192,165.689416884203,148.965990603094,233.088374914323
Chile_1995_STCH95_10B4a,115.221924598042,70.2381977281389,112.250099917768,148.42768880365,112.893380899841
Chile_1995_STCH95_1A2a,143.772892141345,294.773394199893,359.17510813295,500.126616218476,387.418065676909
Chile_1995_STCH95_1B1a,68.3698488252532,370.179793661629,398.616027665687,307.296947235145,223.076396205162
Chile_1995_STCH95_1B2a,21.9043870040988,213.151662608,226.983353257453,190.931228681791,133.214891255893
Chile_1995_STCH95_1C3a,23.8479911684547,145.053028680533,206.391323439319,230.700556899505,227.42591965337
Chile_1995_STCH95_1F2a,71.9511742500594,44.7865852650792,98.4319123647436,66.8407591146918,37.8365334120879
Chile_1995_STCH95_1G3a,23.8459497495506,164.75804793695,250.222997872673,183.297339668102,109.748585209271
Chile_1995_STCH95_1H1a,30.5508633088661,318.726279027163,485.013399967303,421.245844105117,415.309514104028
Chile_1995_STCH95_1H2a,17.2343402667859,136.40022803196,161.678116152996,154.249628306885,127.633471881275
Chile_1995_STCH95_3A3a,73.957584387092,52.9128402098032,140.567851720513,224.87945606896,147.245847090515
ST95CH_3B2a,25.6254743369176,37.6416517739795,108.483470969468,200.827662825002,107.319385664753
Chile_1995_STCH95_3C1a,26.1058249141154,587.16514545958,725.690991265879,735.76847987381,422.296096862741
Chile_1995_STCH95_3E4a,8.86899548993123,65.504799156373707,107.922400108162,97.4453508554463,71.9889554167848
ST95CH_5A1a,29.5760481146994,71.3434373834339,160.716968963744,265.194238781174,248.55897978516
Czech_Republic_2010_ST10CRI_117,16.0184420042965,432.20842091801,595.627302783327,625.502216062763,364.695924609842
Czech_Republic_2010_ST10CRI_159,36.9976725648725,254.951797188346,466.867000960566,331.197263148864,251.424178010028
Czech_Republic_2010_ST10CRI_348,37.4365391171494,169.592607462903,304.112618519976,275.656827600337,211.101018104578
Czech_Republic_2010_ST10CRI_354,72.7867895446841,289.841543612619,381.939806580457,247.272800906356,111.692290862343
Czech_Republic_2010_ST10CRI_421,29.6464206161783,169.294765640343,219.619014908237,171.642910676991,134.351958282568
Czech_Republic_2010_ST10CRI_44,35.2258784544483,278.854257843374,336.194508565755,447.269114245542,304.720615243383
Czech_Republic_2010_ST10CRI_469,66.0196261401681,115.047912059649,214.692226104791,195.133821359809,122.873698936759
Czech_Republic_2010_ST10CRI_502,24.3218923128261,56.4995317295854,207.541936090554,346.316024244618,290.007124107456
Denmark_1994_STDN94A1a,14.2928921520415,99.5250979438083,143.023760882092,128.757788168867,82.8112564870823
Denmark_1994_STDN94A1b,144.294177358346,357.1006807954,390.820349418827,359.69042352179,251.334078264463
Denmark_1994_STDN94B7a,182.197917827925,507.259996580101,717.038588811984,617.334497156562,497.217453887228
Denmark_1994_STDN94B9a,15.1680872655346,119.670445220078,212.208928518065,220.093924755746,172.756462590987
Denmark_1994_STDN94C2a,229.741660857748,463.721398607297,804.315011014324,869.664424184256,604.685844643762
Denmark_1994_STDN94C3a,44.6857817456344,238.451974587178,528.881091355576,826.539695282221,NA
Denmark_1994_STDN94Dw11,18.1350066233225,102.374583436878,139.71683914542,96.4497524926965,86.6188198246001
Denmark_1994_STDN94Dw6a,70.2920809863514,205.484830964766,341.670399888236,320.638683098679,265.343867115554
Denmark_1994_STDN94Ee2a,19.1754581541204,71.2981815757677,174.199040086582,190.819163085748,80.0396192853585
Denmark_1994_STDN94Fe3b,169.306115895103,68.240140113956,135.602273970476,106.790968272172,67.3678372983835
Denmark_1994_STDN94Fw6a,44.9434005211307,213.679321232537,301.382842705789,385.767362006992,257.67660291366
Denmark_1994_STDN94Fw7b,36.5271005369754,215.91714505991,297.337870578231,222.083055596383,214.672388538079
Denmark_1994_STDN94Gw8,17.1856944191705,118.423814914464,148.380913616984,132.936911659275,113.271867052503
Denmark_1994_STDN94Iw9,131.377049317092,177.720959259124,281.041907350499,198.36089976331,260.977648858324
Germany_1992_GEA_4b_2,30.2004200472355,348.440342370935,447.603628343163,370.880659505575,405.67001348074
Germany_1992_GEB_4a_1,16.5315296102319,97.8956549337368,285.001947426944,321.581412327545,249.53569208066
Germany_1992_GEB_3a_1,15.1794504583257,68.9438369119795,96.2795828722865,135.477745279505,179.962356400939
Germany_1992_GEB_3a_2,337.314536234025,157.621256931461,266.933891892562,215.856042579947,121.447314301564
Germany_1992_GEC_2a_1,7.65361739414419,78.9708258883761,165.763919717952,140.741087628518,95.6305866985302
Germany_1992_GEE_2b_2,27.5873064166335,149.081526584546,282.017209819189,289.813828095598,250.68695734226
Germany_1992_GEE_4a_2,40.4191722806202,40.3987481487283,70.9992406623366,84.2706512122161,57.0695308571294
Germany_1992_GEF1b_1,45.4609412784939,332.383409774515,404.588106833615,431.63699693435,292.235901580104
Germany_1992_GEG_1b_1,8.92108725289571,68.3540243834353,110.316616682239,94.0861972947929,53.489491711225
Germany_1992_GEH_1a_1,9.89405266830471,86.4234377190367,97.42159022523,85.1952654391211,71.3073535150728
Germany_1992_GEH_2a_1,179.545626106879,83.0710185124755,312.999023425893,329.981569379952,222.566873736458
Indiana_1993_I10a_1,39.3141620738771,184.085377689036,198.6092337008,156.183685525202,89.2704061841459
ST93IND_11a2,343.094246694885,106.63050866579,245.187247615247,300.370458954644,69.4953048376944
Indiana_1993_I15a_1,40.9101732251843,463.659501834117,557.338633400952,478.644959671809,300.576122191802
Indiana_1993_I18a_1,188.609185642356,305.807935110819,417.929372443927,430.856459116998,254.726794845584
Indiana_1993_I1a_1,15.4215810003233,193.6798956299,306.736633211289,362.287511332942,236.823120753336
Indiana_1993_I21a_1,18.02261724098,67.0667944283944,70.6425614059052,51.6126634971288,43.8292197481488
Indiana_1993_I22a_1,310.792179578415,422.210779485355,598.775143712131,530.577200206279,323.624065920163
Indiana_1993_I24a_1,46.2705096494559,238.153035055451,316.035108346026,268.853466803335,222.078372150485
Indiana_1993_I25a_1,22.4755008021156,92.7122635134241,115.958108353092,104.748484255744,81.4218680741897
ST93IND_28a1,144.443054797655,75.2956011856503,152.556183132827,117.570679462997,77.6471499307091
Indiana_1993_I2a_1,81.253014880645,447.028782864165,591.714957793566,374.004810415302,337.260725509575
Indiana_1993_I32a_1,23.8946446731582,235.783317619177,379.884548218279,291.066571490402,216.689139152015
Indiana_1993_I33a_1,40.6245366645806,277.595613264176,444.59099940311,357.842132212044,253.787772188531
Indiana_1993_I9a_1,364.978903605456,295.338371805789,382.690403600609,354.498562765312,297.543814547841
Iran_2001_STIR01A_45b,58.1918890108463,356.866206393018,535.057544109212,421.212662255175,602.634421167447
Iran_2001_STIR01A_73a,132.556874617285,244.316963718355,535.33405948467,489.882601608702,429.631071792379
Iran_2001_STIR01A97a,18.5978616851003,68.9693018427111,197.441931207923,146.451696142036,137.834452841796
Iran_2001_STIR01B_106a,11.1145199274431,64.302521028404,79.0607019408215,88.6076029357127,78.4494105775717
Iran_2001_STIR01B_26b,277.778044606532,75.3344160380683,139.892701718434,167.943774493279,147.299767654273
Iran_2001_STIR01B_58a,26.4904140694711,44.1657566179619,53.2026061051814,55.5867055734701,50.9244519416806
Iran_2001_STIR01B74a,24.2188427475732,102.137488480117,322.428547120879,287.902039345036,219.297702336002
Iran_2001_STIR01B76a,67.6773068197157,208.745584098744,353.149534135243,367.409605956006,432.869043250721
Iran_2001_STIR01B_99a,48.7993201175674,169.34393217705,209.583355442892,271.345851137853,211.69291849923
Israel_1992_ISYD3a_1,28.5564317638419,125.814805349334,147.584597065192,133.078950783142,113.856128244559
Israel_1992_ISYG2a_1,282.7177684029,347.359018256765,478.924451736942,488.556905977047,369.96998269251
ST92ISR_Ar_11g,50.9378388552619,122.148006694424,217.972236049932,250.297598413772,227.594923083989
ST92ISR_Ar_11i,16.7736528220978,45.8356116152552,99.5719337839443,103.026848948303,141.450705806873
ST92ISR_Ar_12f,42.6162689588997,153.83165116915,192.560456158878,231.173518505278,135.267805078648
ST92ISR_Ar_15a,201.923527875193,122.888161177674,279.597167194457,325.534078065984,271.987169544782
ST92ISR_Ar_15c,23.7096614963452,80.7675600903823,114.422808164329,112.381284699018,105.619027347392
ST92ISR_Ar_16a,17.3357235032219,58.6099524722447,80.7887836905831,76.3149674197987,69.6690052927099
ST92ISR_Ar_16h,209.707398913235,66.9629568590062,87.4580537943673,167.767695149391,164.241630507408
ST92ISR_Ar_17d,61.4500954311106,326.326588668025,568.872439371799,788.314988535375,499.123900081879
ST92ISR_Ar_17e,21.9602438217236,145.400512374031,229.821208612902,345.670543715888,330.308684544925
ST92ISR_Ar_17i,32.8489286100011,118.437332496371,214.047549775451,255.477898936802,242.802054075674
ST92ISR_Ar_18b,68.439486486762,375.567287102267,528.772430082018,419.687135198718,264.719135469394
ST92ISR_Ar_1c,27.4316643504003,189.68313620811,447.112460793843,600.233705319621,433.84599963101
ST92ISR_Ar_1j,24.4153218904036,173.379670663914,271.530785426273,243.874301567162,193.354964112353
ST92ISR_Ar_21a,62.0737762635747,176.278420989412,225.882256385828,205.365789364916,147.183329518074
ST92ISR_Ar_22f,30.4297589701536,199.352708296654,272.570097708322,203.677536992688,183.274857686753
ST92ISR_Ar_2f,171.450980073514,249.787272072646,232.175727704102,222.972946823785,210.504473227752
ST92ISR_Ar_4b,8.85365600664274,75.6989864049849,117.931517570281,69.3679981757049,94.7502861532307
ST92ISR_Ar_4e,278.136673137608,174.17773323012,346.858757001489,384.705982691479,285.810329176401
ST92ISR_Ar_4f,30.5609498898652,161.898638053649,306.97261312896,249.912457776451,272.663812030185
ST92ISR_Ar_5a,31.7754954174747,126.876699528649,220.7752329754,262.707792519087,101.974168499934
ST92ISR_Ar_5g,68.1442356164067,183.471053924246,290.337557318392,255.544611127186,203.591286527521
Israel_1992_ISZB2b,17.1434106325676,37.0352481090297,75.3210951352493,96.4562517946093,70.5661886436347
Israel_1992_ISZB3a_1,112.777342650231,201.478771618395,244.958193989829,249.657884265432,235.614484654759
Israel_1992_ISZC1a,14.2953496389115,18.4676985160224,26.8022140225137,62.6295028405612,60.3272834861479
Israel_1992_ISZC2a_2,140.265260478011,57.9744428458537,137.133450834625,143.431962364548,159.944771748105
Israel_1992_ISZD1d_1,188.749466481255,143.861657334769,323.958564625404,690.548513463877,408.200171309117
Israel_1992_ISZE1b_2,25.1292372570481,131.717838041514,252.296873009642,302.732550705511,183.736251653169
Israel_1992_ISZF2a_1,158.374053351908,16.1362239517579,27.5812898327752,172.788345559518,70.446141289656
Israel_1992_ISZH2a,26.7080757893086,208.146809545174,416.663063272258,420.34631423954,307.534718484211
Missouri_1994_ST94MO12a_1,20.3101684238403,186.66299078418,373.349579521622,465.819327126199,384.663792216115
Missouri_1994_ST94MO13a_1,66.6639662581065,147.123415751489,199.571759837068,202.839600750709,176.633465647241
Missouri_1994_ST94MO16a_1,26.2456624805829,51.8908130723262,83.6734185667285,93.182248504567,86.3662935341358
Missouri_1994_ST94MO17a_1,40.8028923903217,380.451472941182,526.682847226705,589.850209513472,519.211797261049
Missouri_1994_ST94MO19a_1,95.0254672793927,49.0417596999307,76.6650761387378,78.9748463868053,61.8381348041204
Missouri_1994_ST94MO23a_1,53.6367445519925,306.51007675674,308.125458180762,326.224342353368,224.02274307437
Missouri_1994_ST94MO24a_1,16.7628322602112,71.2020242840675,77.013987197031,85.1078127080278,67.7800028589934
Missouri_1994_ST94MO29a_1,82.9623749638872,567.341657480429,633.76010622239,415.256226618874,480.901910741482
Missouri_1994_ST94MO33a_1,12.2261894687138,87.8077114773696,170.722871381134,157.359055948112,99.11076320131
Missouri_1994_ST94MO35a_1,259.148010269054,150.532628754397,276.088243641164,292.607630421899,168.884681107715
Missouri_1994_ST94MO7a_1,32.3214663353185,80.9121174445219,190.264691548671,204.650929134638,207.529850726571
Missouri_1994_ST94MO8a_1,27.6598287616657,185.423572195707,452.463676968275,296.383931231256,166.156047705107
Missouri_1994_ST94Mo31a_1,29.1355298134424,78.646776536903,130.563336975923,74.6860849076254,75.4838571686629
ST90ORE_a12_3B_11,28.910012956183,87.5671062281959,143.536629848829,164.548873537151,144.681059232421
ST90ORE_a12_3B_15,61.0443216847755,173.395913971506,268.361410769791,153.413114568968,128.54745721007
ST90ORE_a12_3B_17,38.7450011850425,128.194199436364,202.363064016438,123.232014498819,61.2364867148421
ST90ORE_a12_3B_18,7.04473795657691,46.9079290472228,48.2284078138996,25.8475725883865,27.9695033215655
ST90ORE_a12_3B_19,82.7922156188068,225.19847834316,422.75376487531,680.568661340646,NA
ST90ORE_a12_3B_2,36.4672571852307,133.928321983528,236.213097745205,263.522894748512,265.948160171595
ST90ORE_a12_3B_21,25.3254742252387,174.662071054503,268.873116683911,247.356087316841,220.164806300786
ST90ORE_a12_3B_3,47.8498568797639,436.178613667751,490.005764629157,367.01340833495,188.14775850438
ST90ORE_a12_3B_4,133.43206405184,364.817108652569,480.784487011547,233.560714469667,NA
ST90ORE_a12_3B_6,33.2711735901339,298.375865836271,387.374545302004,405.217589545234,301.532627272496
ST90ORE_a12_3B_7,26.5829740024305,180.662141271274,238.950769371896,333.204786628677,220.719752470023
ST90ORE_a12_3B_8,179.279762279271,341.381929679002,450.295658602396,399.029807299021,398.054866753279
ST90ORE_a12_3B_9,58.1672296824077,516.42543949829,657.084661209978,403.530300713021,248.12499099531
ST90ORE_a12_4A_1,82.2682131078831,331.23511085644,340.29931244511,293.218406081152,165.101226407586
ST90ORE_a12_4A_10,53.0766562242389,314.397543903576,368.52905636152,342.067313472721,290.884093942268
ST90ORE_a12_4A_11,43.6166299467087,186.725784405081,235.577407103378,169.559291094492,98.0804852150179
ST90ORE_a12_4A_2,81.5489989283467,185.002727317369,349.937727601393,268.280980568606,141.674314096768
ST90ORE_a12_4A_4,14.6505343255368,204.764444804493,469.627841414462,446.38548087788,454.299241504341
ST90ORE_a12_4A_5,63.101250475566,445.032661404384,712.957845771514,496.634051319476,415.077331509666
ST90ORE_a12_4A_7,24.8341393501085,105.989470807421,158.08428445281,102.695819877065,111.741428062323
ST90ORE_a15_2A_11,157.016905474575,149.067379988912,273.454324627379,232.995909996607,129.617836352315
ST90ORE_a15_2A_13,19.08253245823,178.545783759344,298.237985573491,308.246652933908,160.084856263527
ST90ORE_a15_2A_20,4.71593698486309,121.50614489664,309.489175146461,235.539664347227,96.4066855283819
ST90ORE_a15_2A_8,29.0840052468036,135.479838992122,176.807113333411,188.992284593615,153.052093040663
ST90ORE_a15_3B_1,6.50781345572114,111.536802216815,186.202870456303,126.887103006475,102.129044839456
ST90ORE_a15_3B_19,70.7006748849811,413.708295289058,449.765076927529,391.720756932587,262.749918907423
ST90ORE_a15_3B_4,85.8271075727812,237.118649600412,348.534925072866,364.156437088756,193.660794464836
ST90ORE_a15_3B_5,50.1270600047382,100.352817791388,205.864116025538,369.581374322042,248.924456740748
ST90ORE_a15_3B_6,56.9246080024189,458.789919451358,630.111918094065,715.525108380857,681.261823640682
ST90ORE_a15_3B_9,71.5599663575285,511.888245285708,661.73919742811,459.211248494282,294.53746539926
ST90ORE_a15_4A_10,10.7322287263189,126.6697114382,161.769981803125,99.1929647072592,93.9285286929937
ST90ORE_a15_4A_11,162.501332246875,238.665754740512,377.162104430178,176.361765818474,96.2247231935331
ST90ORE_a15_4A_13,22.9717895298403,276.142643236293,317.879202704483,348.572078812634,362.336761149261
ST90ORE_a15_4A_15,49.0359119487775,210.582676199361,231.594318923296,352.163636880312,293.828360579192
ST90ORE_a15_4A_17,157.945200064111,68.3614137687549,153.527130588321,144.269240119826,116.931095464732
ST90ORE_a15_4A_19,21.9866636998805,177.687958761172,251.126098370617,194.301515123825,132.755182388977
ST90ORE_a15_4A_2,35.3164349115285,98.6180110394097,121.356000444235,107.572950431458,98.6420616297163
ST90ORE_a15_4A_3,46.5598218806839,401.190442620194,576.653208928158,511.668359233044,404.158310902474
ST90ORE_a15_4A_4,63.8504126556923,238.966695383898,278.274878677098,202.956400014539,157.898820737362
ST90ORE_a15_4A_7,68.1379571708807,138.497730475924,305.058962376419,283.596813371044,139.069373526422
ST15ORE_Mad_A5,15.8820489437357,426.86552279023,535.118950258438,422.784086728133,360.519491466434
ST15ORE_Mad_A7,37.1927786889068,213.138137772551,526.046431814076,454.454021243787,301.970255945734
ST15ORE_Mad_B4,26.183744065336,51.7042355294249,126.819185633247,82.8338678823687,40.5768855826122
ST15ORE_Mad_C5,57.7145672577862,219.700774431896,280.465749763737,214.576074089879,188.59942463844
ST15ORE_Mad_D2,109.809149179206,211.804798338163,289.486793109887,190.462668380426,114.148745937837
ST15ORE_Mad_D3,8.49587634350142,22.5105609845155,41.5429320013691,40.5504919757375,20.4835042719296
ST15ORE_Mad_D4,65.62085516464,326.925908292221,400.132027871072,288.744509867051,169.217723715577
ST15ORE_Mad_D6,26.1611022099923,169.803188960852,179.654402976197,130.039902862955,97.9116243042226
ST15ORE_Mad_E1,63.1879561438143,225.806280519129,532.789914015239,461.044665641589,187.590459240115
ST15ORE_Mad_E5,29.7507890119082,367.984185642111,507.713531682099,361.696190159099,98.0529003041876
ST15ORE_Mad_F6,42.3638562105346,211.363278240312,239.595418774951,238.244233009087,137.891936944147
ST15ORE_Mad_G2,14.506043010487,100.508598058223,243.102496422781,285.197103395352,216.481292103827
ST15ORE_Mad_G4,8.45510994299887,150.184608257955,164.451933841417,154.334636709453,80.3999729917435
ST15ORE_Mad_G5,46.039524226501,115.241534994574,239.38105818921,246.553020779158,239.694839241933
ST15ORE_Mad_H2,63.8327938517033,235.691915556241,382.848334732266,825.195092124204,631.160484592787
ST15ORE_Ste_A10,43.6943816398161,528.544377669652,578.111691270676,480.618875427575,299.083731225159
ST15ORE_Ste_A11,59.9553962095199,311.931385094755,306.508974748449,185.402398541238,174.102921334457
ST15ORE_Ste_A17,46.6881085465677,319.714623649655,387.134833468844,311.192958722251,197.555232457465
ST15ORE_Ste_A20,135.764703165889,210.836697583914,331.145454748017,231.072822816772,177.707820358516
ST15ORE_Ste_A22,31.4695222364724,112.435373958713,182.90185046978,165.10671983178,111.331201582151
ST15ORE_Ste_A25,39.2116016980322,167.548295460042,253.015845464396,241.076271835943,155.286490947347
ST15ORE_Ste_A4,18.2511199030685,130.251632022523,341.723999966579,570.938278276896,545.978473451168
ST15ORE_Ste_A8,24.4282006114735,79.5021988070993,146.160403107717,107.88214982889,64.7259095913351
ST15ORE_Ste_A9,84.6131761916825,87.6942029759109,113.501892374795,70.3769872948251,46.4777466637799
ST15ORE_Ste_B1,17.4429369710675,251.988825899451,297.816634921631,291.226432399535,154.42699338653
ST15ORE_Ste_B11,57.1294353846274,48.8661912654883,213.837055232574,443.844900352625,137.766122850986
ST15ORE_Ste_B2,37.9359112825505,121.10481910377,130.359082949086,90.1076283597651,28.4621524586304
ST15ORE_Ste_B3,83.7346944656876,208.506626668286,263.093986634276,208.572961938625,119.697528049793
ST15ORE_Ste_B8,21.2900950141868,124.522412040715,214.643727409089,226.7607723375,119.446230512849
ST99CH_SW5,9.94066349876714,51.85729706734,79.6301752999254,81.2076864440439,63.2102988757231
ST99CH_SW39,346.686623100512,264.646725254853,529.259198418983,489.781419724557,375.632375387893
ST99CH_3A10,15.5017952691532,88.8594231476964,173.09612574967,197.538084930027,173.199433480126
ST99CH_3A4,20.8241544701873,90.9722411484153,229.824229681398,112.06994052516,36.7799011094699
ST99CH_3A5,29.1754951317332,106.038781177945,230.634356758796,278.65581482013,200.247505270615
ST99CH_3A6,21.5341813553868,92.9719312863498,180.722183774334,272.248953122549,233.888404897768
ST99CH_3A8,30.7960627741846,253.033431094421,509.445406721176,553.780886162165,555.502463295599
ST99CH_3A9,63.9633782932514,350.211226709304,876.271106649392,732.591408556582,380.106582132728
ST99CH_3B2,25.3862980028712,116.713159011975,192.298662468177,195.930308129186,125.152945684735
ST99CH_3B4,3.84450592770295,206.30626817693,379.198498061761,437.567436746078,376.811436125554
ST99CH_3B8,29.7727707254415,183.653429647797,312.271302564874,227.589189100454,314.809083673362
ST99CH_3C4,16.3159174253683,116.104852382964,210.201971059381,200.235139257436,58.588557648514
ST99CH_3C7,39.2524758600323,57.6430974789152,101.415865102749,118.935587937816,124.413340797837
Switzerland_1999_ST99CH_3C9,9.22545810213571,22.3587621025355,20.1924047340509,NA,NA
ST99CH_3D1,42.3610836466012,70.9171930437582,69.2815116935874,65.2082792939057,59.046813645458
ST99CH_3D3,238.415588783883,254.746278162338,428.232096062243,446.690058737703,387.605865335589
ST99CH_3D5,38.1942184387279,146.105347758802,280.672950838593,244.21122507688,204.256425276697
ST99CH_3D7,13.0779333487929,61.3105399320685,77.1128586575616,93.7801918375506,80.0183536038234
ST99CH_3D8,221.162553119076,79.607296184299,156.731863290311,226.219919325334,242.548306460485
ST99CH_3F1,15.9024035248352,326.007823137437,419.954054398268,398.755953761766,296.860875849478
ST99CH_3F2,17.6878153922361,162.509260951911,236.602894541116,224.360593339589,168.391996943121
ST99CH_3F3,86.0192275446128,319.972979686264,652.003725687381,594.895805484822,426.419678815392
ST99CH_3F4,45.8068844276626,363.594103856268,501.66724634194,441.808461393345,247.269897001523
ST99CH_3F5,51.7243638360922,668.881898241494,907.360849167944,831.846017878458,632.12359188096
ST99CH_3G3,34.247590668508,699.927162391802,NA,837.55145811187,370.076740341198
ST99CH_3G6,92.6754667899419,210.538452042941,706.098937721303,923.972460964949,593.913285946086
ST99CH_3H1,60.4242367326133,225.198798751633,281.850273541615,373.959746941616,230.74723043624
ST99CH_3H3,55.6926292785905,158.751022879154,324.688756310374,317.506391044476,232.123205265454
ST99CH_3H4,10.8535004070544,121.230309326269,302.721788471379,164.461555533549,112.868089263109
D97_c1_119_7B1_L23,69.7529752593399,104.22017691058,221.911355264557,224.123994198189,189.711701079292
c1_137_7B2,65.0332045023873,315.868962431008,488.54829475171,508.87812786947,446.485487159872
D137_c1_14_7A2_L2,29.2196067524474,264.607497724674,456.919179870379,403.374325238572,323.189233282918
D169_c1_25_12B1_L2,48.6704088201591,129.157639508062,185.510450452808,184.740546343624,161.603456693955
B2_295_c1_59_6A2,32.9830867489598,203.535476756085,297.455156322261,244.877316316557,203.684734463259
D282_c1_724_13A1_L12,21.2982001983558,28.171580224055,45.5722481813071,57.780927793488,43.9396687595299
D315_c3_135_4A2_L2,69.6729590322497,308.086973038466,715.068483446608,890.500360668674,801.962538173624
c3_14_14A2,26.8712036632172,282.804075415698,445.933896929108,568.855641877369,444.316356837158
D335_c3_158_5A1_L23,16.6538889272543,192.319760443899,536.69348704134,389.383199937722,168.771881594077
D359_c3_25_11B2_L12,16.0310179413192,273.736868565438,450.718706223399,395.778098318342,383.049212803361
B2_435_c3_541_15A1,52.896351022538,252.422603071861,466.629143809936,218.781010144584,181.226300976003
Syria_1992_SYK4,179.255642386113,577.484077620086,878.563127845752,701.797417370454,750.195299538506
Syria_1992_SYK2,55.4395708206774,124.087361056348,157.925853205021,365.373820136526,204.941452411914
Texas_1994_ST94TX_PA2a_1,17.8877641816746,257.629296525021,322.909062708363,527.948610902657,341.321539731889
Texas_1994_ST94TXPA3a_1,36.263918597026,246.329058841936,225.164820309959,193.648819025414,174.535141946689
Texas_1994_ST94TXPB1a_1,18.9073562998653,180.761738980972,413.458608509684,288.115879793095,203.363789881433
Texas_1994_ST94TX_PB2a_1,27.6979407320251,282.703326252274,347.830257104706,322.657844063129,202.649336513979
Texas_1994_ST94TX_PB3a_1,341.576776286101,383.787385317588,451.302630693286,487.660088803686,306.719761432625
Texas_1994_ST94TX_PC3a_1,14.6730116504216,197.011719085403,314.008335336223,337.547169776801,264.638039839837
Texas_1994_ST94TXPD2a_1,41.6699293930434,158.019915968711,144.071740727649,141.969747912421,144.845957072301
Texas_1994_ST94TX_PD4a_1,17.4984499368254,82.6221915029152,125.822976525852,129.447564951019,127.523550744637
Texas_1994_ST94TXPE4a_1,18.6767874214903,155.246425988393,179.031593066341,170.235840107969,163.144224833401
Texas_1994_ST94TXPH6a_1,208.721324021444,112.87374836764,306.489820293871,400.115385298445,188.343060902613
Tunisia_2008_ST08TN_33_1_6,25.5106060840781,63.4945484902469,80.9482521099539,96.4989991464972,97.478104006189
Tunisia_2008_ST08TN_33_4_3,45.5961097770666,177.764008178916,422.396995231963,365.395723881229,128.155325842986
Tunisia_2008_ST08TN_33_4_9,298.750864110138,328.867463769068,407.333634375895,365.104579519891,251.446956120331
Tunisia_2008_ST08TN_33_5_8,3.43517044572069,277.637746891544,601.49132122994,674.847479930943,424.65545331483
Tunisia_2008_ST08TN_33_6_6,25.4989361061986,306.320489040244,413.663814260616,306.299578101941,180.836229643055
Tunisia_2008_ST08TN_33_6_9,42.095608620304,40.3310044529401,107.505689687717,147.274164165686,85.8787873257249
Tunisia_2008_ST08TN_33_7_4,14.5212763410566,74.3777224067462,145.607340547248,155.603008561756,133.644428953415
Tunisia_2008_ST08TN_33_8_4,48.738091953201,70.1913866323663,118.014172276092,140.763173007862,98.0403762231297
Tunisia_2008_ST08TN_33_8_7,6.76843821585624,63.769266428181,179.420299568068,219.096919266693,279.100382904646
Tunisia_2008_ST08TN_33_8_9,260.213191777614,808.800460290447,NA,751.958257044054,366.191724497694
Tunisia_2008_ST08TN_33_9_6,9.21546845294868,201.594015647682,304.211623050635,269.27649250724,178.532931834059
Turkey_1992_TKV1,34.545985445131,153.73314871643,220.375822604283,175.551437577093,180.285197922348
Turkey_1992_TKV2a,31.419779710716,102.602501523222,147.546934538195,131.525295987175,104.861206939905
Turkey_1992_TKV2b,107.276885627454,209.597451841789,242.974769605211,180.075958710478,177.761982811961
Ukraine_1995_ST95UR_E1a_1,64.9786680665888,379.701822746175,477.520378938954,425.968406433978,328.064985889524
Ukraine_1995_ST95UR_F1a_1,6.60803369823916,116.011172581947,215.664118084879,205.032510500129,120.962424783202
Ukraine_1995_ST95UR_F1c_2,12.6635693460401,22.8058737495183,37.4079318212512,41.535272314792,31.304345592114
Ukraine_1995_ST95UR_F2a_1,41.6514803337818,238.508357345485,346.239621172752,527.390839011242,368.090795580374
United_Kingdom_1993_ST93UKJA19,167.699547646164,276.520577993163,454.797550079256,706.788185943962,543.673240396646
United_Kingdom_1993_ST93UKJB53,11.7725004891386,58.7061345330957,57.643181836752,53.2533005134787,59.2381592257815
United_Kingdom_1993_ST93UKJB95,6.89480610341344,52.6647098047629,151.842479170627,83.217964109983,77.2635748473383
United_Kingdom_1993_ST93UKJG27,19.174351802866,251.478708657065,457.930275713548,369.496034669118,305.405856250188
United_Kingdom_1993_ST93UKJG31,122.507655486475,347.761375585784,513.356919154135,490.034162542636,336.343000731464
United_Kingdom_1993_ST93UKJG47,22.6673590401654,136.280181545282,274.671442148243,197.17592282888,167.90432777309
United_Kingdom_1993_ST93UKJH63,75.992996999795,96.3994609332458,172.704208544172,259.976038009565,136.573926226895
United_Kingdom_1993_ST93UKJH70,268.558606231097,634.730054788845,NA,NA,NA
United_Kingdom_1993_ST93UKJH78,23.8862640196181,120.805061443764,287.002352993644,362.294744947053,261.938752942685
United_Kingdom_1993_ST93UKJH87,34.0199699008591,560.542243463186,785.259203447105,739.415533749419,554.070430880874
United_Kingdom_1993_ST93UKSA7,30.1321303055712,151.283836579218,209.769922846334,161.248147195585,137.834548685901
United_Kingdom_1993_ST93UKSB81,19.8353068885496,139.793941474864,164.055365523148,207.346006873097,147.271628917217
United_Kingdom_1993_ST93UKSB86,62.8812187586318,354.362547551878,385.548374977671,321.181766975767,265.559044186436
United_Kingdom_1993_ST93UKSC20,14.0380584692487,91.030580989474,166.39318266992,180.713396137751,140.207001229277
Uruguay_1993_STUR93_EC1c_1,126.254807039495,394.019062677488,665.21685123926,422.188197933973,242.405089444118
Uruguay_1993_STUR93_EC2b_1,25.2021272775464,58.5554745119747,100.548111782778,140.714310467537,166.857936868023
Uruguay_1993_STUR93_ED3b_1,110.567340779088,206.771449948865,292.62478339806,304.853235253583,338.217230531334
Uruguay_1993_STUR93_EE1d_1,23.0731057676355,191.718758715946,367.908779533197,416.155176444848,334.21880225824
Uruguay_1993_STUR93_EE2a_1,79.9334071705702,35.5458241269424,55.3686685594886,52.6156403283793,125.800220593168
Uruguay_1993_STUR93_EE3a_1,48.2313685526322,232.105456745716,252.184962997337,254.7707251437,172.370841122094
ST93URU_EE4a_1,207.539498746366,52.082307751136,60.4939677976875,96.0697506319625,111.340892508203
Uruguay_1993_STUR93_EG4a_3,34.1987984249767,102.450449595825,115.458222587653,167.853914070343,183.273507717799
Uruguay_1993_STUR93_EG4c_1,30.9277598073802,115.678546324849,139.655375355362,158.07935702516,159.781354017827
Uruguay_1993_STUR93_LA4a_1,5.29192134101594,153.683587883632,390.123554024846,470.618933672383,464.887113881742
Uruguay_1993_STUR93_LC1b_1,300.557568827709,172.759053578257,356.437965232028,328.457777562688,198.347152475974
Uruguay_1993_STUR93_LF2b_1,21.4883794762648,233.841047897977,385.507171869608,317.425059762572,247.701782719066
Uruguay_1993_STUR93_LH4a_1,114.141372033024,200.280922360439,342.628731218003,331.620395213119,189.955111986227
Yemen_1992_YEQ2,291.806473948835,359.357469835005,408.704114654799,512.635178148199,464.730918826028
Yemen_1992_YEQ4,40.5767600388639,238.130343874231,363.652668177507,298.214459848644,185.812697394376
ST00ARG_BD1D1a,NA,245.456760966405,321.448356184379,266.573022081339,175.126822256728
Argentina_2000_BOO26_C1a1,NA,405.003730995829,487.10350772491,260.674792204734,200.282691776843
Argentina_2000_BOO9_F15a2,NA,905.560505637024,740.214573186724,NA,749.135537817656
Australia_1979to1991_WAC8440_53t,NA,330.476121522023,336.994099466252,295.438794629834,311.156774685617
Australia_1979to1991_WAC8447_60t,NA,172.51494064225,143.390201507269,162.228573792266,146.380561606884
ST01AUS_1A9,NA,689.405732892038,526.009887537013,505.442330214329,404.926714340963
ST01AUS_1F8,NA,342.296295549898,NA,NA,457.259294928845
ST01AUS_1H8,NA,169.881879054214,176.961372653024,220.866704153662,163.359578218962
Canada_1992_CNRB2b_4,NA,720.72007732337,358.627549156122,797.967294949958,647.22716303248
Chile_1995_STCH95_1F3a,NA,678.551383349826,613.060640334371,464.317046072504,414.10350261911
Czech_Republic_2010_ST10CRI_316,NA,573.945442354735,226.926189568823,223.766147480926,184.947108694541
Czech_Republic_2010_ST10CRI_618,NA,582.898771514746,509.954598472544,504.347724216605,410.984367604246
Denmark_1994_STDN94Je2,NA,909.38164394515,326.9838304623,473.09416610068,355.879908174135
Ethiopia_1992_ETD1,NA,135.13305743301,228.82523259441,141.376642602752,118.814934348803
Germany_1992_GEA1a_1,NA,146.283813005689,161.975851909686,158.387963105027,151.87194004909
Germany_1992_GEC_1a_1,NA,260.132928468389,327.692499136057,289.171624931736,253.365116163203
Germany_1992_GEF2a_2,NA,606.789289297441,500.219227541538,368.288612772613,274.588825596449
Iran_2001_STIR01A32a,NA,324.879936828045,372.932560764711,277.406043340103,249.970093581204
Iran_2001_STIR01A78b,NA,755.057262003491,758.336782884101,425.163426257882,242.01011070832
Iran_2001_STIR01B78a,NA,261.502644990188,109.904244068837,183.597844281334,229.68205688816
Iran_2001_STIR01B_82a,NA,281.784333993262,413.706748090296,312.742975850896,342.444656438943
Israel_1992_ISYB1b,NA,281.852857187144,102.383549627853,63.8120182431356,77.3313534715593
Israel_1992_ISYH1a,NA,864.316162485857,553.905749968034,587.680010138043,507.883924545833
ST92ISR_Ar_12d,NA,500.886126888063,151.424903035965,177.725421377696,147.27603138638
ST92ISR_Ar_19e,NA,117.482483808391,116.801132025475,105.234023404572,111.22573282898
ST92ISR_Ar_1b,NA,136.25888060021,145.72672155832,143.469096765314,96.2140509802011
Israel_1992_ISZA1c,NA,387.260050833215,356.4151832574,294.747002617905,241.373135600658
Missouri_1994_ST94MO15a_1,NA,130.332890257735,89.6847249792021,149.029811559475,93.7494969092816
Missouri_1994_ST94MO2a_1,NA,248.137932212293,109.05590033401,105.765467464352,109.303225537859
ST90ORE_a12_3B_5,NA,496.756856488493,468.681823882573,325.694075875389,241.532768024834
ST90ORE_a12_4A_6,NA,307.28847179683,238.504153650332,254.647420790922,174.807508996437
ST90ORE_a15_2A_16,NA,385.465816385898,396.933219362018,264.162087246115,165.381721822873
ST90ORE_a15_2A_6,NA,205.015984442505,334.131187901635,253.698416980352,193.712886406924
ST15ORE_Ste_B6,NA,333.236842801713,325.812758095996,252.390049627071,128.981831392452
ST99CH_3A2,NA,342.028713664968,718.434773128179,698.181503544871,333.937800108549
ST99CH_3G2,NA,438.599585277336,388.468440043342,339.187057596083,209.627918748751
D126_c1_14_13A1_L2,NA,388.22544914477203,436.120979786656,363.709196410245,309.402141836131
D367_c3_25_1A3_L1,NA,335.202863880175,376.504691333238,311.149881143484,238.952971356739
Syria_1992_SYT3,NA,388.812809680987,NA,559.241358158872,452.470953588924
Texas_1994_ST94TX_PB4a_1,NA,699.97700412057,647.749903886175,494.12696401631,427.762242557005
Texas_1994_ST94TX_PC2a_1,NA,369.419673275822,499.917464621063,490.203886641816,424.597880260877
Texas_1994_ST94TXPI2a_1,NA,312.258751535933,473.269616089194,373.748082981613,215.457675636709
Tunisia_2008_ST08TN_33_3_2,NA,399.34061655153,505.176877069891,675.465518661861,477.737130835953
Tunisia_2008_ST08TN_33_3_8,NA,361.941775263253,425.999634118455,349.318203586524,232.965282603026
Tunisia_2008_ST08TN_33_6_2,NA,791.752817448791,633.33429948641,620.469654031476,461.549580498336
Turkey_1992_TKA1a,NA,902.414073269681,507.85052648044,473.699872693136,401.524555787625
Turkey_1992_TKA2c,NA,296.714674476206,NA,NA,679.967594100564
United_Kingdom_1993_ST93UKJB80,NA,295.313275414084,125.293299030368,127.389239711879,96.2999107643249
United_Kingdom_1993_ST93UKSB84,NA,815.331525836247,383.760696400966,409.299189126476,223.60705592818
Uruguay_1993_STUR93_EC1b_1,NA,99.3550723126106,93.186340741237,158.980378795991,224.330927621618
Uruguay_1993_STUR93_EC3d_1,NA,461.259126366429,398.909840998327,270.938521919413,284.602289418082
