ID_genome_file,eAUCH2O2,eAUC18C,eAUCpH,eAUCSA,eAUCGB,eAUCKCl
Algeria_1992_ALA2a,471.570246649197,406.154847615357,519.906766267377,55.9033061551395,410.417618628937,228.666299951259
Algeria_1992_ALA3a,777.157116046124,1022.50060574249,1170.56472860565,410.652119719975,NA,NA
Algeria_1992_ALG1d,93.3178494039339,142.959561584274,209.047214068755,75.8094130276693,160.394300614605,46.8391785616725
ST00ARG_BD1D1a,148.244018474267,380.596619224751,524.821817963779,127.520137304001,547.765298425804,164.334830950489
Argentina_2000_BOO10_F9a2,369.357650422791,584.801958769492,536.390038394685,211.947462287086,526.403272214615,231.3855583112
Argentina_2000_BOO12_F5a1,250.324857881306,372.111191529501,517.482823008769,123.478925771221,306.145218213139,90.8911120898118
Argentina_2000_BOO14_F15a3,485.582457647122,625.186709268945,584.254031983242,414.78014795409,761.950055931715,245.02336426914
Argentina_2000_BOO26_C1a1,328.480542761159,480.75980340261,643.442477454053,251.200384524491,489.245252835013,198.725577882551
Argentina_2000_BOO28_F15b2,266.708786625411,309.039492082162,382.26375797325,248.268090984583,318.813308882498,79.7254873511715
Argentina_2000_BOO29_E12a1,284.138164357837,330.443509839181,286.041874207059,250.355575741471,327.278960675247,139.73913602347
Argentina_2000_BOO32_B5a1,97.6104635107117,278.691833803068,159.058806393561,57.5754474600224,177.468758817373,57.9279039684377
Argentina_2000_BOO36_B4a1,341.158006850149,573.885983160194,657.596832852294,51.2095477207927,561.523285373741,137.07828135719
Argentina_2000_BOO40_A1a1,127.454763536698,165.516809934637,257.692060669173,110.990532584376,227.159599301587,32.8746348838216
Argentina_2000_BOO54_F8b1,362.646093336716,565.099140312425,615.58480291015,256.557565066444,649.050970597799,88.2318877387374
Argentina_2000_BOO59_C4a2,306.356241510896,303.261606203939,370.958476518265,140.528790203319,352.357707758968,62.7431916516151
Argentina_2000_BOO61_FI5b2p,84.1496022148453,85.3173482936553,126.629731480745,36.7504863243247,155.548664838029,52.4650098732694
Argentina_2000_BOO71_EI1a2p,257.250595487568,437.603201005085,408.494970425174,107.147646847751,349.11181233329,142.551646092636
Argentina_2000_BOO9_F15a2,503.275222366535,810.584105406048,1343.05536746387,NA,1178.99696874284,NA
Australia_1979to1991_WAC2782_3t,99.1279382449876,85.6740763393449,121.794852094648,46.6488120307113,96.9385869290213,52.1748766919784
Australia_1979to1991_WAC3438_17t,26.7041358570355,178.199394059353,255.30367489662,90.5565144746079,152.742002089852,31.695224711411
Australia_1979to1991_WAC8428_41t,146.245873317808,195.621592101667,273.029250728409,180.994694268575,255.480248571109,97.4621056320701
Australia_1979to1991_WAC8430_43t,150.919833625716,485.563544378899,356.387908942064,109.467503621384,174.416224314694,58.5727701280054
Australia_1979to1991_WAC8432_45t,161.179914252319,208.880122275879,565.454458624323,50.0374684897577,327.141052579288,53.6776389824667
Australia_1979to1991_WAC8435_48t,162.294545383992,212.15345193243,233.724204981213,180.819819387444,347.07977384686,180.35666339671
Australia_1979to1991_WAC8436_49t,183.96863006349,383.799518966988,255.964381204514,108.645348320393,242.273263339029,42.9298846373196
Australia_1979to1991_WAC8439_52t,153.807049376833,170.135382952438,303.912041597369,108.355248290795,194.160455185444,95.1707764334428
Australia_1979to1991_WAC8440_53t,253.51885970897,432.887668463217,668.59067256016294,124.659349383098,820.569924203593,116.192660250593
Australia_1979to1991_WAC8442_55t,251.095638884389,280.796461081294,494.665686171451,167.000642442528,219.094101418038,105.359827739581
Australia_1979to1991_WAC8444_57t,427.652149024062,507.745697909782,835.512744886749,112.660776649417,598.033122962353,132.633767927367
Australia_1979to1991_WAC8447_60t,94.8648738492512,356.934982325915,625.549002072062,73.1059035833343,505.669552033957,138.342656351193
Australia_1979to1991_WAC8448_61t,202.317385829178,271.668618220319,312.069655686281,51.6374979120498,332.325226370286,86.828765466703
Australia_1979to1991_WAC8449_62t,175.022243899802,156.730347906157,448.431421034236,84.1254146892922,258.219927722034,32.9868213534523
ST01AUS_1A4,108.054902326364,110.432254300362,155.108117176998,40.6394277968753,135.170367922718,64.9491046543696
ST01AUS_1A5,185.168585705506,383.829522507482,248.282031527279,112.591803376954,197.843468332218,131.905500681824
ST01AUS_1A6,102.860508954699,298.736684746249,276.490662819443,157.999174185288,206.200860037606,73.4778765955593
ST01AUS_1A9,392.062583470429,642.088045872028,908.567303017234,285.961552208928,896.95767480941,295.881448941674
ST01AUS_1B1,136.534796827017,222.163348139446,318.327762051358,53.1203769811244,154.383835667603,81.6061597412401
ST01AUS_1B7,445.467656923188,558.539559214602,580.645151415841,261.381367941662,442.432086380982,231.139423705055
ST01AUS_1B8,654.676443252186,600.445463269617,582.335732243465,475.385304838214,545.420057614469,242.889654746779
ST01AUS_1C1,129.842260327171,352.51580454683,485.821694492369,104.781226941376,169.6917359132,91.715507723479
ST01AUS_1C2,428.522577602883,613.504316234269,614.884531932083,198.454304038181,520.799679863768,115.055340650867
ST01AUS_1C3,272.725277534466,334.53430771055,617.876318386791,140.400160388536,336.13543773564,202.861093306698
ST01AUS_1C6,409.798016710014,606.363459358283,583.73224357316,266.804902773113,597.180337158763,195.803811477063
ST01AUS_1C8,159.555835986737,168.515274014786,228.625991329523,55.7485298372523,173.860701309565,60.5280783201259
ST01AUS_1D4,224.039638642058,352.363541779638,251.651617787219,178.434205204513,242.809492401242,158.842858182179
ST01AUS_1D5,639.474040822304,774.01990664864,1097.2987889338,272.327519193689,692.037375228389,136.294342664975
ST01AUS_1D8,708.076964698613,871.445420763049,NA,331.76555726739,880.2415924686,225.615164743702
ST01AUS_1E1,264.71951027263,374.198613723824,400.687132802766,113.79379229967,352.738743941749,224.285587996159
ST01AUS_1E4,496.183141809675,584.183178705032,853.907962138779,204.261813031361,691.585798707762,197.54821287159
ST01AUS_1E5,313.271323300924,344.230036910863,863.171992601724,284.354053838402,892.469029460276,134.658865963019
ST01AUS_1F2,389.517850063873,491.62231624301,637.230175039646,134.968431298053,450.667250392736,185.670563875154
ST01AUS_1F3,217.663003326534,310.104762840402,614.438486759887,78.926982390585,402.096056929432,152.78837010407
ST01AUS_1F8,661.685572885065,1040.91285281536,NA,304.759205652614,NA,139.93634292841
ST01AUS_1G2,284.71701461007,348.803255213151,816.809972534645,104.630573095978,451.704705725072,171.977812954988
ST01AUS_1G5,213.422816144113,351.058038133413,585.880051967008,225.424229633389,309.315968462638,69.3525817873372
ST01AUS_1H2,440.5926201035,724.819954926785,856.153403768118,481.688577986503,497.702663342203,350.161410407081
ST01AUS_1H6,662.895231065675,658.160106095974,1003.1227422752,530.951228903131,1008.66142958811,136.034982893441
ST01AUS_1H8,129.369893197387,211.980877853238,293.804331194862,149.576464756455,343.415409766706,119.129324280744
California_1989_CB11A_ST1,571.580079498059,506.85617913546,720.666509003764,575.46406775387,NA,308.351691623329
California_1989_CC22B_ST15,387.685315777827,423.037836052627,726.79487832782,307.033521292031,447.422292183988,112.408784475934
California_1989_CC22C_ST16,213.676244880729,327.124269833639,328.398898009441,173.295608364157,337.637992758311,146.263347113071
California_1989_CD22A_ST35,193.159399189669,222.37492706458,287.054081552284,54.2677854165054,193.515800961056,116.64901458672
California_1989_CE31B_ST42,389.089990684172,379.763750425072,512.001775377144,222.883281005045,373.496462611983,197.290331718038
California_1989_CF11A_ST44,759.883735849793,744.319631619229,767.61856868101,436.184012621232,759.940762114129,298.151806557108
California_1989_CF21A_ST47,151.166628761335,282.499949372309,488.075973969669,124.656464050749,294.657753176742,68.9635991211573
California_1989_CF21C_ST49,96.3156502104661,94.5877947615202,159.499476830733,76.0683936228768,130.557508132952,64.5068403622234
California_1989_CF31C_ST52,258.091684923022,417.23422554932,428.689217092263,90.6784468573508,380.976471567341,120.602327789897
California_1989_CG11A_ST56,310.805012998703,402.339359879863,494.33168861349,160.889041480433,623.895994871058,233.793644752702
California_1989_CG12B_ST60,109.703818781323,151.453627142469,202.686964346944,113.160820167847,225.342518282053,80.7641415352537
California_1989_CG22C_ST70,368.251080619521,319.805679621353,390.884211218912,128.138984547202,281.222823813746,51.3798333028548
California_1989_CH11C_ST82,196.465574495232,280.247903326027,433.693219600813,253.12382231948,340.43547543957,100.057826458565
California_1989_CH33C_ST97,526.267740036057,760.400825338606,NA,312.084947716754,1165.91555682363,33.2634304865344
Canada_1992_CNRA1a_1,189.856357104566,228.50546195295,309.904404279269,130.867675573857,491.059797288772,182.157462496069
Canada_1992_CNRA4b_1,292.661103760484,326.012821562141,618.921411683687,152.285909970148,445.352259269417,56.6853150632901
Canada_1992_CNRB2b_4,314.097542554986,708.879065283155,505.236894171992,295.109406917892,572.119494551901,284.958247755043
Canada_1992_CNRB_3a_2,165.786402353984,194.053575966245,357.218402630445,53.0089607978941,235.422558369144,37.2387123474724
Canada_1992_CNRD_3a_1,212.231508081159,181.968069460085,227.915292211534,96.1199876487712,226.621316754664,104.693176380028
Canada_1992_CNRD_4a_1,369.842192688956,502.062314303787,802.489037976319,296.758357406488,431.595582012325,145.564017929922
Canada_1992_CNRD4a_2,308.043191321423,245.676511855697,361.465830819715,171.093468051555,361.052786845285,152.045053052553
Canada_1992_CNRE_1a_1,114.320401457433,251.743826743225,506.705576783623,148.342473268399,383.900004414325,163.716955120912
Canada_1992_CNRE2a_2,180.966733978339,327.661977205284,304.396771214309,247.82988974096,339.947429058126,132.991419505686
Canada_1992_CNRE4b_1,479.446165349681,585.768697163354,662.900077830466,241.897963179061,600.941230521135,235.588741485003
Canada_1992_CNRG3a_1,177.337652535962,213.252766039753,322.117049527284,136.690127268947,304.442731873423,139.765160702518
Canada_1992_CNRG_4a_2,295.184973979216,572.986128591118,432.390461777282,185.602662641288,373.198939543382,109.034387591974
Canada_1992_CNRH3a_1,166.12349153358701,165.645563212923,279.864327714374,209.936018479584,217.323110096463,94.5683510627472
Chile_1995_STCH95_10B4a,134.374885303577,180.474778736586,165.687584836997,92.5753664946333,178.749359219781,42.4501902010376
Chile_1995_STCH95_1A2a,388.35249360198,450.233116909571,417.066898395368,254.788973961567,463.87946126789,141.556071544978
Chile_1995_STCH95_1B1a,348.301184435441,404.963341854206,333.979909447923,208.986009044059,350.518289546124,200.991055146983
Chile_1995_STCH95_1B2a,194.331238720248,228.122788341379,228.269269194732,47.658314408317,303.176346648243,115.967708281844
Chile_1995_STCH95_1C3a,166.905122876452,206.351493816572,274.869066308754,22.4130457808793,263.090036735703,103.649201684414
Chile_1995_STCH95_1F2a,104.676393945944,187.108342846647,158.229698834406,31.9900427516301,121.724974583382,21.9456381618237
Chile_1995_STCH95_1F3a,557.086481666181,831.135209054749,696.495928786396,256.117746971747,1015.99084186255,329.353922658071
Chile_1995_STCH95_1G3a,204.821212270971,250.16984269343,467.946483844266,6.33670554966747,265.473981348216,50.1193176454328
Chile_1995_STCH95_1H1a,419.629600333229,484.865459109676,469.5240092243,259.386308950022,456.478310376316,218.535186234819
Chile_1995_STCH95_1H2a,149.699865695329,161.641946511929,196.840799944821,119.033646288543,154.740073095195,80.7531004424275
Chile_1995_STCH95_3A3a,100.977366960962,273.10346633207,320.049590491936,44.1867441011517,174.08226389992,29.8286046971546
ST95CH_3B2a,116.99560583729,136.435814219468,378.796561550949,22.8852458599043,310.020162160691,17.6254253728469
Chile_1995_STCH95_3C1a,455.666740947596,728.266665670855,860.795741205864,183.301841252109,839.934021508528,184.073097553645
Chile_1995_STCH95_3E4a,100.260897004062,107.890910843412,136.964056314748,78.1274421912734,153.093157049317,30.3232410265276
ST95CH_5A1a,136.872693081407,328.30999422781,520.63940891571,124.782125501559,331.797836434632,82.4318986674476
Czech_Republic_2010_ST10CRI_117,420.411333869193,595.448064385399,824.91805627544,246.087082014057,599.25252979754,93.109754754223
Czech_Republic_2010_ST10CRI_159,326.06304189362,468.125698693072,625.204792376815,71.5251189583443,373.673956526781,165.736633407603
Czech_Republic_2010_ST10CRI_316,252.528213243692,468.348230087313,289.347872854886,178.987249858591,273.258150972052,166.329333576968
Czech_Republic_2010_ST10CRI_348,319.341070148066,304.01496001508,501.03096221997,248.461351843866,420.31274447293,182.334862700294
Czech_Republic_2010_ST10CRI_354,305.834643819798,399.745355339094,514.57085779796,75.0699506742091,398.993954526181,67.5028152839471
Czech_Republic_2010_ST10CRI_421,153.704993255616,226.443376648189,266.548169321763,101.253017613096,208.292222071253,71.7774396117287
Czech_Republic_2010_ST10CRI_44,318.201902268555,341.757576225806,324.642554007585,49.2305490715611,182.325656028481,141.999852272133
Czech_Republic_2010_ST10CRI_469,184.724674081262,232.601809375567,396.557856763217,41.4333818289113,281.778146081815,71.526504114801
Czech_Republic_2010_ST10CRI_502,148.20194237779,231.06602105757,483.885429571449,27.5387790107529,316.846444543628,21.2725372813307
Czech_Republic_2010_ST10CRI_618,509.899016556216,820.896529568373,651.281604572443,187.526765771895,713.325286281921,188.160921253272
Denmark_1994_STDN94A1a,121.966840606216,143.232492770816,128.285298928989,60.6690853117832,97.7096613260013,42.5375036634124
Denmark_1994_STDN94A1b,418.033850965615,526.095008016081,780.939628425772,216.982459514847,539.433932824388,101.493155541896
Denmark_1994_STDN94B7a,575.58864335804,765.57620391079,810.830855986654,313.935567355854,1069.68330012176,132.412705748569
Denmark_1994_STDN94B9a,189.605744081827,212.142786585758,341.302054921533,146.395562498732,313.651623013369,36.073875704394
Denmark_1994_STDN94C2a,763.500689334561,895.784658856253,648.09064011677,343.302754156357,637.721923701957,135.433725464363
Denmark_1994_STDN94C3a,322.387012387705,528.734015448819,457.066855080063,187.124287130871,518.688769051407,163.67487835485
Denmark_1994_STDN94Dw11,100.851559239182,139.677189948859,137.810646264893,88.1811415958407,109.275791340099,67.2144031099988
Denmark_1994_STDN94Dw6a,279.753934122211,471.762813822695,481.511893364666,94.3730726918115,291.035405144022,48.1737119597112
Denmark_1994_STDN94Ee2a,121.521143264851,174.132476328194,446.175920640733,120.376722255967,312.819367562938,75.5627737001155
Denmark_1994_STDN94Fe3b,121.722906372943,222.638240307502,200.24385564097,85.505711171856,158.296287495564,53.2888419731142
Denmark_1994_STDN94Fw6a,213.244225557776,301.094240562441,793.075564356829,98.9677812111514,475.069602209932,63.8064986514436
Denmark_1994_STDN94Fw7b,242.712426547225,303.179680514351,506.734469737012,72.7394771015989,438.460165074722,174.23936184118
Denmark_1994_STDN94Iw9,258.157290791572,480.646756983063,365.163783410118,65.8575502553826,338.086572817041,131.391211744222
Denmark_1994_STDN94Je2,313.886941053298,706.830454447204,590.727243308637,46.4855580723982,353.779831668813,51.2412281735213
Ethiopia_1992_ETD1,212.061698862574,228.748559763804,339.750000206892,147.615771642076,219.01006239107,29.0274875306556
Germany_1992_GEA1a_1,121.907067767677,161.928809294954,321.928684216179,52.3980240132445,247.925979976562,73.6409937753497
Germany_1992_GEA_4b_2,292.309897527044,447.453021111333,968.221921997043,242.426782192209,628.636824163525,300.052506196974
Germany_1992_GEB_4a_1,211.441889376841,285.862395195517,596.699839616636,99.7383030859392,336.066837076664,82.9908568452437
Germany_1992_GEB_3a_1,109.423029372459,96.2440543681174,523.345476028059,43.8592734472221,242.462265800666,145.824801705318
Germany_1992_GEB_3a_2,259.766582998514,390.409643824906,429.763537280509,77.6328784039153,413.730482406395,156.472316781358
Germany_1992_GEC_1a_1,351.45493432248,332.028489878256,390.941972026124,88.7582283520959,556.804452963429,207.532547833349
Germany_1992_GEC_2a_1,169.505058413688,165.7091401428,408.973852872123,36.3128855467083,272.04096419962,51.5178509649934
Germany_1992_GEE_2b_2,323.050894617652,281.926165087334,532.438249308595,100.402736367504,371.733432834719,72.995546770193
Germany_1992_GEE_4a_2,77.6072663369058,104.019241009417,265.193290700975,40.1095930617503,188.075498975545,17.9542143553981
Germany_1992_GEF1b_1,388.784910262763,409.401796116647,724.829606726099,176.846349216707,737.409852655972,200.569952049087
Germany_1992_GEF2a_2,306.639906696238,878.866186904904,783.660340312172,92.9456591270425,517.6439001675,136.503400165511
Germany_1992_GEG_1b_1,80.817319240164,110.287360948075,134.475070632911,54.5961513064226,114.357458825035,67.4298074615593
Germany_1992_GEH_1a_1,105.797313642491,97.3967452130484,226.978582711724,19.0837934025173,287.114057125049,39.4863432577385
Germany_1992_GEH_2a_1,286.533741296316,516.968483606329,786.757638639934,193.062738818991,529.800746790295,184.764106205961
Indiana_1993_I10a_1,152.944920573704,198.565704471982,185.409019515113,103.274754803805,173.90605536484,118.92139217936
ST93IND_11a2,135.087005702426,487.098973124093,563.745297376078,164.552545498748,506.295446491325,39.6572825566387
Indiana_1993_I15a_1,456.142329631557,553.113188288931,407.578342372998,271.516747979638,762.376493988446,230.593398828631
Indiana_1993_I18a_1,387.006785362192,540.627198564823,710.933699299447,136.989681145648,411.561248504602,145.364876200224
Indiana_1993_I1a_1,283.700460528618,306.641406993811,581.26370319626,256.36819493167,534.685380191396,189.224372799376
Indiana_1993_I21a_1,65.0796365500594,70.6317648433171,82.9630905828448,18.897943903109,93.2520605599367,35.860167816972
Indiana_1993_I22a_1,427.921305945181,899.358661768657,450.623191336839,229.787048865388,527.683481398179,138.241748790276
Indiana_1993_I24a_1,261.356447263059,316.193451526893,454.835383188242,151.14737023146,344.87893882862,91.7261157184784
Indiana_1993_I25a_1,102.173791394611,115.927184439959,143.411733449761,36.1001130584424,111.441717777035,38.7220797000792
ST93IND_28a1,121.797099300402,302.788225976623,312.41351167866,116.742520570169,223.268826935327,66.2553932776631
Indiana_1993_I2a_1,438.351877260978,591.541187829353,905.401542140908,260.528584575387,620.804811661746,207.841676700203
Indiana_1993_I32a_1,301.378884279745,388.206064900161,691.81250167661,369.611529547,878.734407489706,61.6347909874992
Indiana_1993_I33a_1,296.177255805425,444.450346438432,552.453214530564,243.580945477067,423.814107783946,151.488214796293
Indiana_1993_I9a_1,317.104485583991,739.441522939562,498.689190039398,325.279879416489,773.889032277076,81.8197733011539
Iran_2001_STIR01A32a,215.933953217861,374.45475281884,475.013711294393,273.393931612948,501.966713539801,101.228290658109
Iran_2001_STIR01A_45b,530.327427551239,534.490400513298,575.564802785876,215.476212651894,555.346593779097,93.0091988735373
Iran_2001_STIR01A_73a,457.328213244147,606.151425768427,790.059225341414,305.119614529595,558.306470778873,27.8949778743902
Iran_2001_STIR01A78b,516.014500965682,921.178397149319,703.983291171723,261.426263645185,819.270320836661,67.0014511925853
Iran_2001_STIR01A97a,147.105042299641,199.600985212674,255.785287244287,49.2618816870488,193.005298748183,56.4366106273018
Iran_2001_STIR01B_106a,38.7870428805305,79.0436954326106,88.0976744354026,21.1800762665383,100.941819957945,20.5319513003591
Iran_2001_STIR01B_26b,143.495283544044,321.265626946784,412.459246955318,106.525079875393,382.478747297665,28.1207022323779
Iran_2001_STIR01B_58a,59.5982662139403,53.1878654232789,96.2970509223251,21.8584144620018,68.9226810135914,18.8271747579544
Iran_2001_STIR01B74a,179.805918057956,322.329520720849,565.284341638397,120.854450476252,330.601323941891,34.607621981307
Iran_2001_STIR01B76a,417.468928684626,353.023445905688,632.967251368115,67.6983403027435,454.801408248843,38.447557259613
Iran_2001_STIR01B78a,86.5721781143989,286.60982003734,587.527333061906,126.20766022801,572.460076525152,67.4918215476588
Iran_2001_STIR01B_82a,318.926951926106,417.226578344496,359.437028968606,212.408034350772,318.478277530771,122.169131244456
Iran_2001_STIR01B_99a,168.207361936348,209.585055571486,359.621445644312,96.2636625429207,229.492146147691,70.3643049600519
Israel_1992_ISYB1b,87.6100051075733,590.824381727624,227.346250409124,120.391241790739,234.479771975228,101.295033755608
Israel_1992_ISYD3a_1,154.842234575655,147.556467508316,253.226348251344,69.9656691466629,347.138749065926,131.847742091247
Israel_1992_ISYG2a_1,469.134968445677,648.319006944395,547.797515253855,41.7055519396171,359.333336153793,79.9216855870828
Israel_1992_ISYH1a,111.052486276201,906.98732918515,421.984224824491,180.830057635176,595.646153659774,148.75079641153
ST92ISR_Ar_11g,166.83776457904,217.917703287243,408.690529986997,131.43872734786,250.901557747113,131.55735392911
ST92ISR_Ar_11i,69.6341334097688,99.5496782002826,279.705152438123,29.439066053169,173.22799130815,87.8180155632299
ST92ISR_Ar_12d,157.484784092254,718.36174883314,239.965576640311,60.8193297628408,254.521721576296,68.3197643384974
ST92ISR_Ar_12f,154.653659629806,193.389596279294,235.705960804754,106.969841443645,169.432643351032,108.82936187957
ST92ISR_Ar_15a,234.642951030173,463.839735289239,528.071615884186,36.8423123938305,371.302068902601,64.5288348873525
ST92ISR_Ar_15c,93.5773041162658,114.385737254219,123.721766689567,19.6545621445443,84.8234593256525,26.5661689291095
ST92ISR_Ar_16a,64.9899535095123,80.767966142872,104.176886131408,47.5293251005533,75.0059385146646,33.638707526809
ST92ISR_Ar_16h,80.1531072645255,154.220536221774,539.834841707247,77.812462142029,532.904968104056,27.1391122854948
ST92ISR_Ar_17d,552.864360066627,568.719784595996,743.066224850586,78.2047731955858,566.067994896369,73.3929145555529
ST92ISR_Ar_17e,479.872306769727,229.773467039413,420.407430758663,60.3373188328829,227.665532590104,107.810745391078
ST92ISR_Ar_17i,210.243076443193,213.983982049406,331.563992610529,77.0465624776095,219.009294660745,66.1153636799393
ST92ISR_Ar_18b,463.83133689195,730.349805278577,663.654219889889,400.985341750822,490.708309682175,87.5944523491892
ST92ISR_Ar_19e,86.8925101079957,199.654731133781,265.245292681147,59.3843864992477,208.499459376188,76.4580311625678
ST92ISR_Ar_1b,165.492967497615,148.194937431509,217.380204399302,82.4460965601565,184.416606495064,102.12162072529
ST92ISR_Ar_1c,226.276030017382,446.956041527692,816.529211837841,273.546782842434,603.921330573537,90.1389663013555
ST92ISR_Ar_1j,169.83632550115,272.623807005419,259.634645401127,63.301460703328,383.070638678152,250.295473156609
ST92ISR_Ar_21a,176.8158139222,369.350416930227,438.937628555741,40.7588316297365,393.214457014697,57.5134755386325
ST92ISR_Ar_22f,238.112963620384,272.492692902083,504.933224838187,143.284996271031,436.334583546254,104.170139873966
ST92ISR_Ar_2f,239.115492280146,319.437276103528,331.340998887259,176.65001174235,253.085725236878,70.9507839023365
ST92ISR_Ar_4b,69.3751256878562,117.896075227194,186.032662084379,45.2070804007975,95.3681619520194,30.0698037611886
ST92ISR_Ar_4e,285.651313927415,574.210286350886,516.82766046007,73.2146382741098,284.736316825983,53.2684683617756
ST92ISR_Ar_4f,204.525635345636,306.889106490913,523.39115847267,272.657271467899,422.7949312291,166.824795171754
ST92ISR_Ar_5a,215.213577597679,220.723607656013,276.194212063893,137.540736632616,228.870193791618,92.0213091662935
ST92ISR_Ar_5g,234.967971336678,388.189599816766,487.931417348058,132.470613891792,346.095800361529,54.8992193288733
Israel_1992_ISZA1c,255.070459057767,463.044406517356,625.234775785832,275.098785419506,582.171883892436,230.499116773746
Israel_1992_ISZB2b,55.136056194244,75.3000882102136,160.675980384771,37.579322764693,164.510912586353,34.000822681877104
Israel_1992_ISZB3a_1,234.375030881448,294.563120881969,283.652774142338,44.2033176628735,246.779965967315,65.8820498967394
Israel_1992_ISZC1a,30.1859801257197,26.7965300246783,208.735689251791,22.5442888093724,114.878285745477,32.9638626258567
Israel_1992_ISZC2a_2,109.583490047839,290.842607563073,334.883272908025,54.9932343093025,184.871356993929,63.2059064585432
Israel_1992_ISZD1d_1,285.412568455281,544.776980136389,636.820384137862,181.063254290782,676.978004771184,56.9679077216102
Israel_1992_ISZE1b_2,170.909304866204,252.24948678336,381.506066541541,97.1392859555343,383.828434686304,137.398644557051
Israel_1992_ISZF2a_1,26.5458675361035,156.243745576976,119.863631491088,9.61474667649791,59.1632531793081,22.5477538421742
Israel_1992_ISZH2a,264.508465980847,465.94296391879,670.610144583798,81.4301582542982,451.6001745647,48.4480646292247
Missouri_1994_ST94MO12a_1,400.818398161551,373.234868328036,788.418331954808,272.77460434515,601.56191361684,99.242345173092
Missouri_1994_ST94MO13a_1,221.644251966227,233.92411860648,295.08162718949,60.615753916671,176.585150578895,57.9177167984519
Missouri_1994_ST94MO15a_1,99.1994114242603,150.200879666535,148.310165370117,58.7554485838971,139.792789844722,33.7984354179741
Missouri_1994_ST94MO16a_1,78.9760099654265,83.6513615357627,149.800699965694,76.4866999579742,140.602556804432,56.5349099482073
Missouri_1994_ST94MO17a_1,494.862304542058,532.903259213395,385.652191279029,425.419666432803,462.628266169443,129.462921650235
Missouri_1994_ST94MO19a_1,98.4667346763213,124.260929599101,219.190494735075,65.2031863177112,264.283545191897,35.395087013024
Missouri_1994_ST94MO23a_1,327.155487372428,310.136293046795,471.615916675805,223.743669811157,606.036464792194,167.248277208218
Missouri_1994_ST94MO24a_1,76.6840930266681,77.0023959340581,87.7608862452864,32.9348455094071,80.9052963052802,50.010142660296
Missouri_1994_ST94MO29a_1,440.68632353077,653.093194742124,507.061524798206,227.224028920524,538.472976945318,235.563095502435
Missouri_1994_ST94MO2a_1,109.545344915173,244.876387198489,257.764125127563,96.4067046390602,253.268417233089,93.4246938482898
Missouri_1994_ST94MO33a_1,105.37251564379,170.676014443147,208.837403593093,118.694798275087,200.040124624882,35.1086447928049
Missouri_1994_ST94MO35a_1,206.633574312047,380.994524443729,590.063603829924,183.350523229393,599.094032680272,72.3341103540625
Missouri_1994_ST94MO7a_1,160.06274966693,190.204070017437,432.701528690019,172.58079996727,331.748080032495,65.0363892387257
Missouri_1994_ST94MO8a_1,342.595839500598,452.32859470132,594.691682728916,83.2085891288679,506.400657249428,61.4113228518975
Missouri_1994_ST94Mo31a_1,121.021472226567,148.120256773336,234.706719501202,104.213964254378,188.083435812737,65.7300710235774
ST90ORE_a12_3B_11,125.547936956849,178.211364787803,260.214864963213,91.0930043034906,162.141108750687,19.1265259577779
ST90ORE_a12_3B_15,215.212515635787,289.09334619952,375.916793285434,135.500732149982,289.439521523219,67.9164078223385
ST90ORE_a12_3B_17,191.577180447747,209.561396096847,380.315370239461,154.578182213039,381.54708058023,45.3971938799849
ST90ORE_a12_3B_18,24.0997330341073,48.2117028281002,100.896975642681,8.28531343509015,55.2294861276823,14.3956745590777
ST90ORE_a12_3B_19,317.600196213501,540.208022958868,882.549396798321,319.540723081239,523.714105488998,62.6338103346998
ST90ORE_a12_3B_2,219.849764665838,256.570829224318,468.13561916534,149.809230903702,463.668379917766,76.3956265237407
ST90ORE_a12_3B_21,244.394124983164,268.808966669811,352.675978234404,160.993327965936,274.236707958415,58.9796067778519
ST90ORE_a12_3B_3,403.996006594643,489.854723172862,650.378399790299,148.390719084552,612.747922326604,192.20672095397
ST90ORE_a12_3B_4,307.782500266373,526.639794426857,586.756307972129,154.384102382647,464.337694759321,93.9694252119301
ST90ORE_a12_3B_5,207.05319875295,589.665315581516,496.433659810031,249.721586830623,630.593759710861,256.432736942064
ST90ORE_a12_3B_6,309.402715711704,387.774028382335,419.378088234591,144.378560950654,398.798431251026,92.1901123904715
ST90ORE_a12_3B_7,210.517550566336,238.886067585912,442.725869066456,170.086022341716,292.475274882368,96.8693681230432
ST90ORE_a12_3B_8,349.76060850792,646.745015660329,764.511135389166,250.497664879029,562.929732569037,112.396798767214
ST90ORE_a12_3B_9,485.556350693309,656.897463085096,833.179852464892,178.960947930569,708.571524794399,145.92453579655
ST90ORE_a12_4A_1,353.852740103529,340.210824455702,471.986185964661,236.183259033485,403.011650854332,179.101789728822
ST90ORE_a12_4A_10,338.848234054894,368.433828623517,810.652487696633,NA,508.55021720813,239.619937407604
ST90ORE_a12_4A_11,144.283037059093,256.126510901759,362.849201016157,80.1533117118318,283.859081374991,74.3847262613085
ST90ORE_a12_4A_2,308.57605963496,397.801992803141,535.685984609177,93.7441890912834,391.492357805836,75.4150596324205
ST90ORE_a12_4A_4,420.843142480127,469.474513521738,835.89459232432,282.564954203868,699.498228422041,230.409116572181
ST90ORE_a12_4A_5,526.756006083176,755.073667031098,794.62225164108,484.616154644158,784.961515694019,272.265180183547
ST90ORE_a12_4A_6,191.025227972973,295.470787237329,327.309709495158,219.673516974419,335.785109022035,151.708526881661
ST90ORE_a15_2A_11,233.251390365733,456.973696957805,439.830643153142,178.537044812701,324.80305719725,74.4786351111266
ST90ORE_a15_2A_13,255.342200573706,298.141366246523,570.697978121142,129.107331014556,357.218278166066,72.9980282595535
ST90ORE_a15_2A_16,363.320245924794,500.653876940343,285.280613058112,125.520571941233,248.414541728624,159.638110951857
ST90ORE_a15_2A_20,210.313208315331,309.843632589099,413.164715996298,19.456143997099,317.778038323616,25.1656846911037
ST90ORE_a15_2A_6,135.853248764089,447.018051524636,1144.03098390028,364.759717839924,904.981228360009,139.44055577808
ST90ORE_a15_2A_8,151.25200019965,176.766788346387,245.36098110435,125.450461527797,226.869651599236,83.5390209059466
ST90ORE_a15_3B_1,148.200117541005,186.150110836654,246.275707113415,85.8029448457739,184.598768631169,54.4366817076304
ST90ORE_a15_3B_19,335.762020253182,452.421899261528,445.255286505753,203.53649874301,490.392328520723,NA
ST90ORE_a15_3B_4,216.415869190227,420.251718132325,613.280080889701,45.2733602786097,380.522633964523,113.946374916453
ST90ORE_a15_3B_5,154.736789802704,224.559515582402,684.336315217574,384.527948566344,652.650531420541,114.272545568293
ST90ORE_a15_3B_6,620.85953176223,629.899777162236,658.651832569359,415.602264013094,637.795481748271,120.562399257159
ST90ORE_a15_3B_9,478.301168549677,707.464916053289,1049.03583200556,419.737381221411,786.256771463299,102.541784113552
ST90ORE_a15_4A_10,105.842836994699,161.727425084986,158.310896977181,72.3590258567648,140.211660660292,70.5926135901757
ST90ORE_a15_4A_11,347.840819191036,526.774127212891,589.952711058952,110.279127281112,393.445800009119,48.5042116238104
ST90ORE_a15_4A_13,297.891435148204,317.807008745232,366.728058853119,144.743917245062,360.680468490199,96.3398015669066
ST90ORE_a15_4A_15,178.004958002364,231.549013101051,173.275383139592,160.289250723625,191.958773155235,112.800558929252
ST90ORE_a15_4A_17,136.172554899791,284.86302025216,302.200735750999,80.8826427091838,191.97048005719,77.8784857957216
ST90ORE_a15_4A_19,266.896324360329,252.230288298132,427.769447345232,212.287852635804,423.87169649288,97.4083718944332
ST90ORE_a15_4A_2,110.642644096472,121.326644666042,179.936963655809,55.4136531509307,126.565248161513,65.3360541816866
ST90ORE_a15_4A_4,280.38762453308,278.186866272029,590.5769067252,382.215900303781,423.850406019655,185.019132491968
ST90ORE_a15_4A_7,238.212121882008,382.962942193419,352.431964629695,111.639083296461,362.073506864353,42.7999946954991
ST15ORE_Mad_A5,498.907755719971,534.974547535412,473.760367209842,118.793262469078,563.410508730177,160.866723195632
ST15ORE_Mad_A7,424.569799277134,525.842038702138,1002.93666011259,364.841522938844,1102.74487415408,107.037162398132
ST15ORE_Mad_B4,85.9041732793091,126.769035969124,345.105969350439,148.745869813149,217.518914389059,56.7629674438415
ST15ORE_Mad_C5,227.386034500117,280.388634511956,408.47092138242,177.469335765417,186.370675885473,65.8476344142971
ST15ORE_Mad_D2,273.311620843607,335.825170929862,472.45286471161,73.6493743919947,228.141759502264,168.142093614351
ST15ORE_Mad_D3,36.2613150943184,42.7306323582929,179.752979714811,37.036117101399,102.541223759307,28.0117746251651
ST15ORE_Mad_D4,284.536727266718,400.02688733767,457.158289831571,209.489197911204,308.916890026282,145.355012602203
ST15ORE_Mad_D6,200.680138568838,179.599787794657,328.112279150718,140.168134227834,258.009655206151,45.7479710496501
ST15ORE_Mad_E1,238.895094944716,548.690759577632,991.075627763053,269.236796276897,775.760587762298,111.431683383732
ST15ORE_Mad_E5,318.374720935138,508.600957273768,755.330267934474,324.823217309871,573.769012626648,73.1967310552576
ST15ORE_Mad_F6,198.291172494528,239.531339496336,343.139922012141,302.877195262367,295.353040885859,110.922121305017
ST15ORE_Mad_G2,164.880044822903,243.020620924818,307.698096104685,41.0727340898261,250.524090942759,25.059895417659
ST15ORE_Mad_G4,111.359578379431,164.394590011472,301.917959632219,117.652460839744,265.475867882442,44.3593444521467
ST15ORE_Mad_G5,181.729119002174,286.381113457423,292.196833563613,136.614158825516,259.727457517442,37.5959795762925
ST15ORE_Mad_H2,338.707064761778,382.740620000447,670.231554850386,343.167816994076,586.353135216054,108.790740325831
ST15ORE_Ste_A10,513.136486206578,578.351619362142,697.872379535443,208.709593028743,653.535884068515,330.27982589493803
ST15ORE_Ste_A11,173.714156835204,306.881740511822,335.129093496756,209.694918646336,401.062058556584,227.204202196311
ST15ORE_Ste_A17,344.559304169126,387.013388674426,546.83883697317,112.152346608318,422.547270604401,130.375645544332
ST15ORE_Ste_A20,293.657980802156,432.774938988905,385.417559909088,59.8359936570437,279.722484211113,47.2825726391167
ST15ORE_Ste_A22,115.6437402206,182.837687148012,442.337604471735,116.093923619489,201.044494666687,71.9837639617403
ST15ORE_Ste_A25,257.693874210795,252.956464136552,314.623235189739,158.826913758615,388.443056568427,146.079275541031
ST15ORE_Ste_A4,75.2053925363233,341.335643372464,416.249708661242,271.515923131616,287.480573935725,74.8556374192625
ST15ORE_Ste_A8,128.353426856068,146.117764825923,253.456437301222,21.8286888875757,166.809713354281,12.9740312879304
ST15ORE_Ste_A9,91.7148783210556,136.632810329338,316.425629745629,25.6682258642973,198.701252301515,27.1787379284044
ST15ORE_Ste_B1,245.888524161054,297.725030474846,428.080232299682,90.6275383497995,346.257219101493,128.871990395359
ST15ORE_Ste_B11,220.087957485194,236.462357884103,328.085812902875,157.267977275245,318.31135179037,18.8218342157014
ST15ORE_Ste_B2,70.7617552171898,130.325571871698,286.515905988627,89.6218714232315,222.915711607846,63.210746593179
ST15ORE_Ste_B3,214.574759134287,297.610061795543,472.243491570448,128.768635620755,345.309979009243,122.89014018881
ST15ORE_Ste_B6,273.443754075112,491.437267474187,389.848472065438,148.253776154008,480.98655846765803,142.198659140713
ST15ORE_Ste_B8,178.434859337804,214.59368703152,284.236957104312,79.8674206910967,191.15002730516,75.3739964852116
ST99CH_SW5,46.7992441528402,79.6087173243664,164.501611599937,25.8739179472557,67.4650317693864,44.296552623992
ST99CH_SW39,284.650918650121,742.143877387707,NA,208.648239720281,653.060622932604,225.601588116383
ST99CH_3A10,138.183592865688,173.032620174088,536.232550835714,48.6639875633373,188.237018838916,94.2049832873508
ST99CH_3A2,670.401920701852,838.19841261533,920.146326779167,208.01365784911,790.621393039195,208.096580018406
ST99CH_3A4,186.736636101174,229.736575923079,337.884272024997,146.694838910546,261.349851741361,10.8237526227069
ST99CH_3A5,194.882936825234,230.565923604789,531.562903402532,94.8719909873924,392.737039215035,147.848988397482
ST99CH_3A6,166.236994693729,180.672336345909,279.792247464672,68.1991472474292,147.745274086808,71.5409751918226
ST99CH_3A8,356.915763234766,509.263190462556,966.670580621312,228.697208742307,734.346409828206,175.280036283371
ST99CH_3A9,522.871555215613,930.402194678939,1086.50781717966,268.886995365516,944.946469160904,44.0148468312656
ST99CH_3B2,172.645190074125,192.254611420467,297.392414439325,75.8695090370235,213.255358903657,78.9052855801177
ST99CH_3B4,255.175359783156,379.07032195956,581.430678460081,89.7276355533434,371.943110238146,83.8919944624859
ST99CH_3B8,283.401004179472,320.843393079591,461.001163568737,150.461656980791,348.539511747438,129.690043832859
ST99CH_3C4,133.325291445413,210.127781524068,896.565439699927,70.57743291907,444.175862093283,198.558367819075
ST99CH_3C7,104.880513764853,146.424739717642,212.318371634163,69.1025769634417,128.356693525735,76.8882014805267
Switzerland_1999_ST99CH_3C9,16.4963206089376,20.190168493644,NA,8.82457840685822,NA,16.6797774179529
ST99CH_3D1,88.5653678340363,69.2714072373936,74.5609999148188,57.6743950299287,57.7798646877638,51.1843861676297
ST99CH_3D3,312.561880478844,766.78184307709,633.458724623788,98.3103081650774,476.572436513239,86.9350136338581
ST99CH_3D5,223.624454796668,280.609651970753,415.029967862507,151.737571137478,328.367667616688,109.168813255828
ST99CH_3D7,69.6526596711596,77.0965033686144,122.112965184971,21.2291938203236,128.526305197745,47.8868902530009
ST99CH_3D8,140.914555374194,382.120753719117,363.379247533384,46.6481674650911,185.720592390262,30.8829683050139
ST99CH_3F1,471.097384099119,419.820897364183,684.681730514162,193.289958988373,452.27400633973,171.085588105669
ST99CH_3F2,180.919036846782,236.524326842955,249.772736469631,56.2529634150807,215.031849549561,103.184513327449
ST99CH_3F3,538.307787092851,655.394934254064,1019.23112298981,217.601672525706,1023.99263657024,96.7285336633919
ST99CH_3F4,437.070681022624,502.652590822953,690.063714833707,61.651156789137,450.288606194352,113.006548535245
ST99CH_3F5,703.947195057051,907.098495541739,1015.43515959554,331.654419648499,906.501512420077,178.127034063192
ST99CH_3G2,344.602936306757,482.354188033774,798.215795824049,280.266870802265,637.026130289443,150.23948637743
ST99CH_3G3,787.732249925728,1031.15793046631,1112.82280873912,167.432501769291,842.986199053764,137.810498764131
ST99CH_3G6,556.225449768056,705.803671038588,859.23161098742,134.333670929617,1089.83720132248,37.8943545707619
ST99CH_3H1,283.858120003792,281.787698952575,370.532550541817,213.606625583565,319.143345006959,89.6249625891376
ST99CH_3H3,270.612617697672,358.307079258057,492.590857679835,92.3408360195695,338.044339702697,92.5372418447881
ST99CH_3H4,223.794943683075,302.605076996189,612.673081579122,208.547486820589,379.129181698937,119.410485396809
D97_c1_119_7B1_L23,133.341748718924,292.509028944078,365.95933182102,154.999118449143,283.618370861096,72.2056455771632
c1_137_7B2,447.625271588647,500.488022315514,560.275541868633,256.455561930063,588.88911104444,168.596932805067
D126_c1_14_13A1_L2,360.891048963113,495.74618502466,664.685889092736,105.510594316519,697.71648207886,128.806065093913
D137_c1_14_7A2_L2,263.314665210855,456.803124625168,563.589942483777,255.656136563484,455.158236738468,99.5394803374212
D169_c1_25_12B1_L2,176.668251741813,187.850750704972,384.93989065558,83.6162017052772,186.127478521965,71.35786346758
B2_295_c1_59_6A2,222.857812697709,297.377033855988,300.937096976717,122.12861154536,289.841781583415,125.133177579494
D282_c1_724_13A1_L12,53.1085183224307,45.5582669761121,149.683563141781,32.8288981558962,83.1182091796877,33.2343465417039
D315_c3_135_4A2_L2,850.436818434079,714.930211449241,1116.99318710969,335.865169785475,869.245737145892,216.887540466541
c3_14_14A2,422.11764618163,445.784335078776,981.148790272046,297.820757595633,716.831620928276,75.060575000760707
D335_c3_158_5A1_L23,129.192992000681,536.248725003373,1341.43241125915,145.359471252557,800.612023683132,84.8772875255577
D359_c3_25_11B2_L12,229.737799091339,450.165729843656,481.49150631259,162.473432472341,455.203619558303,99.7680471120604
D367_c3_25_1A3_L1,304.403601049207,508.01878808814,458.471635265777,157.732353494124,424.226922190584,162.824670792857
B2_435_c3_541_15A1,96.4005909656386,465.99651554995,963.267521425031,213.202595933794,769.077734175386,12.9849618861174
Syria_1992_SYK4,457.885826888876,1131.94628465637,1026.91764154964,147.974374167379,880.056388450491,207.117258195443
Syria_1992_SYK2,188.624753358309,157.887066354257,838.736349159136,70.238855946778,432.993206579447,65.427843272784
Syria_1992_SYT3,319.172182236019,NA,974.266348963773,95.7025278128913,604.805309651964,99.0506025587171
Texas_1994_ST94TX_PA2a_1,334.857777160132,322.802844544299,425.967260447836,396.380625208457,479.293076817726,65.5723189165985
Texas_1994_ST94TXPA3a_1,186.302693150064,226.709547496852,314.338370169798,178.188503209663,436.412166133217,165.325516435673
Texas_1994_ST94TXPB1a_1,328.192444340663,512.888795701056,724.178378549643,102.667297418112,507.910337917635,116.759485223026
Texas_1994_ST94TX_PB2a_1,283.550292866742,349.67406201936,597.839607555823,230.166420788669,664.674710201014,177.77438545455001
Texas_1994_ST94TX_PB3a_1,323.105675933758,740.071664128912,678.108762315269,320.652207411211,536.583472804671,157.686989460387
Texas_1994_ST94TX_PB4a_1,434.326243648867,864.704767766418,652.335953994624,234.099021823448,780.723233116148,314.492143673885
Texas_1994_ST94TX_PC2a_1,361.662169343445,501.889808642742,548.968905508889,188.8479272539,443.45107929794,115.054855796141
Texas_1994_ST94TX_PC3a_1,213.413879084804,313.912100749624,455.215595724157,128.53740684269,319.712287467875,60.555191016577
Texas_1994_ST94TXPD2a_1,150.895437789497,144.032696664943,288.79786672571,41.3668205507562,211.90905429674,41.690280997055
Texas_1994_ST94TX_PD4a_1,155.46159901011401,125.789472122346,200.774128493104,43.9097282975365,272.306120209822,107.721755459148
Texas_1994_ST94TXPE4a_1,177.838662816463,186.319711061805,186.263567683171,103.308506361756,162.657040012613,98.8587777405294
Texas_1994_ST94TXPH6a_1,242.686818480487,427.95987186058,950.702852359759,86.7196365782381,911.504585468498,38.5647895197585
Texas_1994_ST94TXPI2a_1,246.931102439491,579.349269974943,626.045690194753,168.422932453552,556.038200646835,234.696673633487
Tunisia_2008_ST08TN_33_1_6,79.319479340409,80.9239582070082,176.184368711005,201.697457070831,149.40407866362,35.7507026235049
Tunisia_2008_ST08TN_33_3_2,520.132542628131,683.497624515238,679.706224243523,252.112799902046,659.257096106983,105.180917054291
Tunisia_2008_ST08TN_33_3_8,389.002864312512,453.561499332063,479.897565041206,148.962838309168,568.495939518719,53.4034326993145
Tunisia_2008_ST08TN_33_4_3,351.283946601278,422.28389759285,237.958488802784,19.8653114109273,299.557627111362,37.8552548718132
Tunisia_2008_ST08TN_33_4_9,358.727764180174,621.894588899358,449.424309495964,105.952294348885,538.693370326478,151.233343944689
Tunisia_2008_ST08TN_33_5_8,445.081174537227,601.382354044943,495.96943502631,245.391763009113,262.937029913025,188.795172720171
Tunisia_2008_ST08TN_33_6_2,648.681595615145,1085.07787186914,555.558138854293,267.575227966952,476.165231425744,291.359939247286
Tunisia_2008_ST08TN_33_6_6,209.705122521105,413.563600988038,470.284910036333,212.309959515805,399.335037201025,108.752113152059
Tunisia_2008_ST08TN_33_6_9,112.816145324267,254.994201827726,261.1414393206,88.2446933540059,179.869566538625,63.9951035189542
Tunisia_2008_ST08TN_33_7_4,136.489225299392,145.567272525693,309.621912885277,78.0375363388403,239.090229579395,76.0663001246689
Tunisia_2008_ST08TN_33_8_4,93.8068842421419,176.043368008482,632.043871663611,154.60925966450301,474.316303475495,41.443896497623
Tunisia_2008_ST08TN_33_8_7,149.985148446946,179.34585445257,370.782937530265,72.8746748901372,232.822505485139,21.1515438730187
Turkey_1992_TKA1a,525.331387793368,1067.14928458201,915.578329604806,296.876958736684,680.609514760855,101.750953139435
Turkey_1992_TKA2c,667.983944314994,NA,736.806203102565,NA,758.727125447617,204.378238691274
Turkey_1992_TKV1,151.966294284923,220.327257993921,278.174715847252,38.6743476638848,239.626901065233,54.519063047097
Turkey_1992_TKV2a,128.028124343263,147.754118154126,133.858157310501,31.1518609794439,99.8108795187421,41.815254886006
Turkey_1992_TKV2b,202.698980830036,308.150478421163,250.817021986635,81.0605380383541,244.656486356969,41.7756658767312
Ukraine_1995_ST95UR_E1a_1,493.271864843348,495.30086970076,555.911394989007,274.056608950948,624.845965412036,223.803757332098
Ukraine_1995_ST95UR_F1a_1,194.422583399642,217.077757026982,167.128540396657,123.474318523363,144.718284154158,78.0752806631237
Ukraine_1995_ST95UR_F1c_2,35.7175771308056,37.2655378030576,146.859528816373,26.9344640514074,111.728325350422,30.3274264278382
Ukraine_1995_ST95UR_F2a_1,349.223498329042,354.082179320584,252.652696336033,263.269022931804,312.965539999166,100.894580223005
United_Kingdom_1993_ST93UKJA19,276.068823039828,799.475242938115,648.045056907799,445.283022559132,477.398314820127,87.1401048017874
United_Kingdom_1993_ST93UKJB53,65.4757101037655,57.6266949708458,151.593281616428,24.6205621881566,92.2046778263848,36.0260558783358
United_Kingdom_1993_ST93UKJB80,111.597904688746,452.259999872805,312.740819983422,133.825265873945,333.032559412818,96.5168875407978
United_Kingdom_1993_ST93UKJB95,114.962348952401,151.777598252717,426.396790024866,71.5955389129236,441.503793923864,10.8034206471668
United_Kingdom_1993_ST93UKJG27,333.912570894209,459.17564671136,486.132278586754,262.498313250798,609.673983789252,191.750783017585
United_Kingdom_1993_ST93UKJG31,464.020569669379,909.025230224471,674.071720065277,86.1026022583249,482.29634516728,113.624146639606
United_Kingdom_1993_ST93UKJG47,248.460277808521,274.599433850723,407.646053815757,88.6800245713402,340.228889988636,130.932857026443
United_Kingdom_1993_ST93UKJH63,178.060273645511,227.279083559743,273.077717881945,147.840749674382,292.832502798505,44.4472949119738
United_Kingdom_1993_ST93UKJH70,827.156230658475,NA,NA,484.230108344225,1016.93787836725,174.401076158281
United_Kingdom_1993_ST93UKJH78,270.83890180312,286.902344025528,492.339704867422,112.483662682608,295.995881590193,56.7728543192191
United_Kingdom_1993_ST93UKJH87,582.963582615378,786.287023862009,845.256741262727,168.222453136064,674.326524158805,151.411318915865
United_Kingdom_1993_ST93UKSA7,160.837371613748,209.715999044107,289.792855290678,104.292404613597,185.226126626202,93.8770617484845
United_Kingdom_1993_ST93UKSB81,180.842375150777,164.025351362429,309.339488133866,24.1301176250297,254.883125124066,71.9715784341558
United_Kingdom_1993_ST93UKSB84,350.485259832975,842.66779796162,569.518702833823,325.213949219682,509.307256398194,144.245643586927
United_Kingdom_1993_ST93UKSB86,334.774778269495,387.320357321206,435.507964045995,104.665966929486,683.144335580262,180.175223549291
United_Kingdom_1993_ST93UKSC20,147.041310865684,166.64050598427,318.404738927201,135.00866190123,282.774896270809,53.6747619632381
Uruguay_1993_STUR93_EC1b_1,74.5880518349817,185.129734126052,517.062429668749,128.825189234848,540.364062880955,109.329225379727
Uruguay_1993_STUR93_EC1c_1,570.199460406213,662.233734382366,885.788604126093,190.007275796747,839.286056999776,132.099162987797
Uruguay_1993_STUR93_EC2b_1,97.4863004557791,100.518538090417,419.047956969702,127.856412696342,327.336928281678,74.664284713631
Uruguay_1993_STUR93_EC3d_1,178.915113775367,589.816650830849,833.425752100801,168.338464528598,587.13524475946,192.372881536701
Uruguay_1993_STUR93_ED3b_1,350.914876167234,293.429056655965,408.233778549312,276.790825796656,503.020789787747,150.645641476626
Uruguay_1993_STUR93_EE1d_1,316.055272975455,367.819803909457,589.784262163888,209.532299081336,722.183732670808,193.763961029162
Uruguay_1993_STUR93_EE2a_1,46.1980618810387,166.922426462638,191.950679302635,37.4093095842021,128.896931903556,60.4170850358203
Uruguay_1993_STUR93_EE3a_1,203.869483837588,252.125270627217,314.231594497537,172.762598792588,265.629297803587,146.369880894604
ST93URU_EE4a_1,69.6338094463637,278.70968358171,327.873042341617,42.6376669706708,321.702185142291,29.0755012174032
Uruguay_1993_STUR93_EG4a_3,125.59783656699,115.417239902006,334.933624074527,95.6181238077486,271.698955027218,90.9983449582009
Uruguay_1993_STUR93_EG4c_1,120.057005236639,139.628798218877,172.097617741991,65.2603778326037,250.248250783653,86.2494685562741
Uruguay_1993_STUR93_LA4a_1,327.786924407702,407.495556292454,560.077351732517,410.595734831468,488.900906316332,296.397635208345
Uruguay_1993_STUR93_LC1b_1,309.612293766906,761.590309531225,562.024409073545,174.036148981355,358.28923892135,185.114314324137
Uruguay_1993_STUR93_LF2b_1,403.581034882095,385.387850897836,640.053996219156,206.281875492593,494.731764162025,183.760812497033
Uruguay_1993_STUR93_LH4a_1,279.489180744037,392.880088648632,693.140157185056,149.359737623704,805.461141883311,46.7392079735178
Yemen_1992_YEQ2,389.753173524857,536.670644847608,552.947766621219,75.7168846026497,405.862162043356,264.954353897746
Yemen_1992_YEQ4,313.044996165567,363.558973080076,561.82464089856,30.1293314463317,450.326163416817,70.1730302888856
Argentina_2000_BOO35_D4a1,NA,115.282523069315,105.118966568974,71.7655768624431,240.751809307502,103.344647011897
Denmark_1994_STDN94Gw8,NA,148.56928766477,133.935271390625,52.0835429141202,183.192907416908,83.1951425069046
ST90ORE_a12_4A_7,NA,158.054851819025,145.563612872405,80.9493168963826,225.448548254434,67.0996699217657
ST90ORE_a15_4A_3,NA,578.878954971079,887.767953641871,208.12420952115,657.773857152308,218.311377901342
Tunisia_2008_ST08TN_33_8_9,NA,1184.74675911892,1148.90480747693,495.633477149776,754.301753268936,223.087036990992
Tunisia_2008_ST08TN_33_9_6,NA,304.133238351394,528.875931595005,21.8075884875784,428.814171138112,30.9383089162252
Canada_1992_CNRF_2a_1,NA,NA,1267.81117167897,NA,691.125967119233,250.381584982964
